0,Weapon,Name,Rating,Accuracy(%),Shot fired,Hits,Deaths,DMG_Get,Sex
0,Rifle,Wojtek,70.8,20.1,3509.0,704.0,40.0,464.0,Men
1,Rifle,Emil,55.8,15.8,4771.0,753.0,54.0,591.0,Men
2,Rifle,Adrian,47.6,16.7,3526.0,589.0,59.0,549.0,Men
3,Rifle,Kinga,47.5,15.2,3184.0,484.0,42.0,442.0,Women
4,Gun,Wiktoria,24.7,10.3,3481.0,359.0,66.0,583.0,Women
7,Rifle,Irek,65.1,12.5,890.0,111.0,4.0,70.0,Men
8,Rifle,Grzegorz,46.1,22.7,1446.0,328.0,34.0,344.0,Men
9,Rifle,Jakub,45.1,10.6,2165.0,229.0,16.0,204.0,Men
10,Gun,Krystian,43.8,14.4,1484.0,213.0,17.0,208.0,Men
11,Gun,Beata,31.1,12.3,1711.0,211.0,27.0,281.0,Women
12,Gun,Marzena,19.7,7.3,1709.0,124.0,25.0,239.0,Women
13,Gun,Niko,90.1,20.0,2923.0,585.0,23.0,302.0,Men
14,Rifle,Kamil,74.2,19.7,2491.0,490.0,30.0,306.0,Men
17,Gun,Wojtek,29.8,5.9,3066.0,181.0,16.0,225.0,Men
22,Gun,Łukasz,77.5,23.9,1622.0,387.0,45.0,311.0,Men
23,Rifle,Patryk_S,70.2,19.7,1580.0,311.0,53.0,367.0,Men
24,Gun,Norbert,65.4,21.8,1674.0,365.0,50.0,362.0,Men
25,Rifle,Michał,63.3,19.9,2683.0,534.0,65.0,608.0,Men
26,Gun,Kacper_Rz,52.1,23.6,1164.0,275.0,46.0,312.0,Men
27,Gun,Szymon,47.8,14.3,1496.0,214.0,45.0,305.0,Men
28,Gun,Patryk_M,44.1,15.4,1612.0,248.0,73.0,478.0,Men
29,Rifle,Maciej,40.8,17.7,1698.0,301.0,57.0,488.0,Men
30,Gun,Antek,40.7,17.2,1343.0,231.0,50.0,313.0,Men
31,Rifle,Kacper_J,30.5,20.5,1184.0,243.0,72.0,475.0,Men
32,Gun,Kuba,25.5,14.8,1618.0,239.0,64.0,518.0,Men
33,Gun,Lilka,20.2,13.2,1458.0,192.0,66.0,495.0,Women
34,Gun,Kacper_Z,15.0,6.9,2342.0,162.0,85.0,650.0,Men
36,Rifle,Tytus,70.2,17.5,2197.0,384.0,24.0,245.0,Men
40,Rifle,Feliks,18.4,10.0,1534.0,154.0,42.0,334.0,Men
41,Rifle,Szymon_Cz.,16.6,10.0,818.0,82.0,15.0,197.0,Men
42,Gun,Szymon,9.8,8.4,843.0,71.0,25.0,281.0,Men
43,Gun,Ola,64.3,11.9,1785.0,212.0,9.0,135.0,Women
44,Rifle,Radek,61.2,20.0,1579.0,316.0,22.0,240.0,Men
45,Rifle,Tomek,55.5,28.0,846.0,237.0,18.0,221.0,Men
47,Gun,Ania,29.3,16.2,1170.0,189.0,31.0,284.0,Women
51,Rifle,Mateusz,73.2,17.3,2449.0,424.0,41.0,397.0,Men
53,Rifle,Adi,51.7,19.6,1943.0,380.0,43.0,412.0,Men
55,Rifle,Kacper,18.2,10.0,1943.0,194.0,67.0,498.0,Men
58,Rifle,Marek,128.1,22.8,1121.0,256.0,21.0,162.0,Men
61,Rifle,Dominik,46.2,23.9,683.0,163.0,51.0,341.0,Men
64,Rifle,Kubuś,18.2,13.9,423.0,59.0,52.0,317.0,Men
65,Gun,Szymek,58.3,15.8,3220.0,509.0,36.0,382.0,Men
66,Gun,Marek,58.2,19.3,3468.0,670.0,67.0,531.0,Men
67,Gun,Adrian,53.6,26.1,1515.0,396.0,41.0,374.0,Men
69,Rifle,Dawid_Ż,47.0,16.7,2140.0,357.0,35.0,337.0,Men
71,Gun,Borys,37.3,11.1,2171.0,241.0,15.0,262.0,Men
72,Gun,Dawid_W,36.9,19.4,1656.0,321.0,36.0,402.0,Men
73,Gun,Mateusz,34.9,12.2,2910.0,356.0,37.0,422.0,Men
74,Gun,Miłosz,19.1,6.1,1896.0,116.0,14.0,226.0,Men
75,Gun,Łukasz,107.6,26.3,1941.0,510.0,53.0,396.0,Men
76,Gun,Arek,85.6,15.3,2646.0,405.0,38.0,301.0,Men
77,Gun,Adrian_Sz,48.7,17.6,829.0,146.0,29.0,212.0,Men
78,Rifle,Michał_K,31.3,13.0,1589.0,206.0,62.0,413.0,Men
79,Gun,Adrian_T,25.6,12.1,1454.0,176.0,73.0,470.0,Men
80,Gun,Michał_F,16.7,7.3,1370.0,100.0,47.0,366.0,Men
82,Rifle,Michał,39.8,22.1,1205.0,266.0,42.0,362.0,Men
83,Rifle,Dawid,63.2,21.2,1766.0,374.0,38.0,340.0,Men
84,Rifle,Krystian,41.2,12.7,2001.0,255.0,23.0,282.0,Men
85,Rifle,Wojtek,33.6,9.7,2094.0,204.0,34.0,301.0,Men
88,Rifle,Bartek,60.9,18.9,1442.0,273.0,33.0,295.0,Men
90,Rifle,Piotr,49.2,14.0,1619.0,227.0,31.0,268.0,Men
91,Rifle,Sebastian,47.3,15.3,1475.0,225.0,38.0,308.0,Men
92,Gun,Sławomir,41.9,18.6,1299.0,242.0,38.0,323.0,Men
99,Gun,Paweł,26.5,15.4,1075.0,166.0,60.0,404.0,Men
100,Gun,Marek,14.5,7.7,1409.0,108.0,62.0,417.0,Men
101,Rifle,Antek,141.1,22.8,3956.0,901.0,28.0,345.0,Men
102,Rifle,Igor,103.8,20.1,3884.0,782.0,41.0,399.0,Men
103,Rifle,Mariusz_K.,65.1,18.2,3352.0,611.0,50.0,504.0,Men
104,Gun,Julia,46.5,14.6,2587.0,377.0,40.0,426.0,Women
105,Rifle,Marius,42.5,14.4,3778.0,543.0,74.0,625.0,Men
106,Gun,Edi,34.4,9.6,2629.0,253.0,32.0,333.0,Men
108,Gun,Lucy,22.5,11.8,3056.0,361.0,112.0,768.0,Women
109,Gun,Tomek,21.1,19.5,998.0,195.0,75.0,530.0,Men
110,Rifle,Olaf,16.0,13.2,2298.0,304.0,118.0,934.0,Men
111,Rifle,Michał,124.5,14.1,952.0,134.0,3.0,45.0,Men
112,Rifle,Kuba,70.7,20.5,785.0,161.0,15.0,106.0,Men
113,Rifle,Janusz,53.9,18.1,770.0,139.0,13.0,116.0,Men
115,Rifle,Łukasz,32.0,10.6,830.0,88.0,17.0,110.0,Men
117,Rifle,Tomek,25.6,11.6,844.0,98.0,26.0,156.0,Men
118,Rifle,Mikołaj,20.2,9.5,811.0,77.0,29.0,150.0,Men
120,Gun,Mateusz,59.7,12.7,2150.0,274.0,23.0,191.0,Men
124,Rifle,Damian,41.3,15.4,1534.0,236.0,23.0,248.0,Men
125,Gun,Marek,34.4,9.8,1922.0,189.0,25.0,218.0,Men
126,Rifle,Rafał,32.6,11.4,2655.0,302.0,61.0,378.0,Men
127,Gun,Wojtek,16.8,10.2,1096.0,112.0,33.0,267.0,Men
128,Gun,Łukasz,85.6,18.9,1451.0,274.0,3.0,146.0,Men
131,Gun,Wojtek,41.0,24.0,433.0,104.0,5.0,124.0,Men
132,Rifle,Mateusz,37.2,12.9,1049.0,135.0,8.0,151.0,Men
133,Rifle,Janek,33.3,15.1,920.0,139.0,11.0,180.0,Men
135,Gun,Krzysiu,23.0,10.8,1256.0,136.0,17.0,239.0,Men
136,Rifle,Adrian,19.6,15.0,468.0,70.0,10.0,154.0,Men
137,Rifle,Wojtek,164.3,20.9,1332.0,278.0,3.0,79.0,Men
138,Gun,Kuba,42.4,8.0,1282.0,103.0,5.0,93.0,Men
139,Rifle,Mirek,21.8,16.0,681.0,109.0,28.0,219.0,Men
140,Gun,Eryk,15.5,10.2,617.0,63.0,21.0,162.0,Men
145,Rifle,Antek,49.7,22.1,1098.0,243.0,53.0,300.0,Men
152,Gun,Magda,49.9,15.3,1838.0,282.0,30.0,245.0,Women
153,Gun,Asia,39.1,13.3,1811.0,240.0,29.0,258.0,Women
154,Rifle,Alex,35.6,18.5,1068.0,198.0,27.0,253.0,Men
158,Gun,Kuba,36.7,13.5,1210.0,163.0,41.0,331.0,Men
159,Gun,Kamil,31.7,14.5,1086.0,157.0,48.0,374.0,Men
160,Gun,Piotrek,19.5,9.5,1370.0,130.0,63.0,516.0,Men
166,Rifle,Piotrek,73.9,24.8,1539.0,381.0,25.0,256.0,Men
168,Gun,Mateuszek,69.8,16.1,2354.0,380.0,26.0,239.0,Men
169,Gun,Janek,63.2,21.7,1340.0,291.0,21.0,219.0,Men
170,Rifle,Adek,61.5,15.2,1525.0,232.0,13.0,163.0,Men
171,Rifle,Tomek,51.6,18.5,1600.0,296.0,23.0,261.0,Men
172,Gun,Wituś,47.7,17.2,1062.0,183.0,10.0,171.0,Men
173,Gun,Michałek,41.0,13.4,1480.0,198.0,15.0,203.0,Men
175,Gun,Paulina,19.8,8.8,1279.0,112.0,25.0,221.0,Women
176,Gun,Kasia,17.1,8.7,1184.0,103.0,24.0,235.0,Women
178,Gun,Zosia,9.7,7.9,582.0,46.0,16.0,182.0,Women
179,Gun,Justyna,9.7,5.0,1145.0,57.0,19.0,214.0,Women
180,Gun,Agnieszka,8.9,3.4,1104.0,37.0,16.0,147.0,Women
181,Gun,Krystian,72.4,13.2,2414.0,318.0,21.0,214.0,Men
183,Rifle,Przemek,57.5,16.6,1935.0,321.0,34.0,307.0,Men
184,Gun,Kamil,45.8,21.0,1760.0,370.0,61.0,447.0,Men
185,Gun,Tosia,31.7,16.5,1213.0,200.0,41.0,333.0,Women
186,Rifle,Michał,31.6,16.2,1391.0,225.0,46.0,367.0,Men
187,Rifle,Jarek,17.5,8.6,1020.0,88.0,30.0,261.0,Men
188,Gun,Kamil,274.2,28.7,2820.0,810.0,8.0,154.0,Men
189,Rifle,Szymon,209.9,21.8,3342.0,728.0,10.0,165.0,Men
190,Gun,Robert,162.0,27.7,1772.0,491.0,9.0,156.0,Men
192,Gun,Gabryś,118.3,17.7,2266.0,401.0,6.0,152.0,Men
193,Rifle,Natalia,90.7,16.0,1702.0,272.0,7.0,131.0,Women
194,Gun,Ula,17.6,13.4,1745.0,234.0,82.0,560.0,Women
195,Gun,Ada,12.6,16.3,753.0,123.0,54.0,429.0,Women
196,Gun,Karolina,12.6,8.5,2011.0,170.0,61.0,525.0,Women
197,Gun,Amelia,9.4,12.1,1228.0,148.0,83.0,650.0,Women
198,Gun,Krzyś,9.2,5.5,2135.0,118.0,51.0,474.0,Men
199,Gun,Kalina,6.9,6.7,1439.0,97.0,67.0,529.0,Women
200,Rifle,Martin,105.5,24.2,2275.0,550.0,45.0,389.0,Men
201,Rifle,Karol,55.7,20.9,1448.0,303.0,47.0,388.0,Men
202,Rifle,Oskar,62.6,15.6,1679.0,262.0,25.0,254.0,Men
203,Rifle,Marek,33.9,12.6,2326.0,294.0,64.0,547.0,Men
204,Gun,Jakub,30.4,12.0,1417.0,170.0,34.0,302.0,Men
205,Gun,Mirek,30.1,11.1,1796.0,199.0,51.0,430.0,Men
206,Gun,Mateusz,16.4,5.7,1356.0,77.0,19.0,221.0,Men
207,Gun,Szymon,9.7,5.3,862.0,46.0,32.0,252.0,Men
208,Gun,Mateusz,63.2,13.7,2733.0,375.0,29.0,281.0,Men
209,Gun,Janek,62.7,16.0,2143.0,342.0,31.0,281.0,Men
210,Gun,Henryk,28.5,9.5,2455.0,234.0,40.0,361.0,Men
211,Gun,Karol,25.9,9.7,2633.0,256.0,51.0,434.0,Men
212,Rifle,Patryk,134.3,17.0,2594.0,442.0,11.0,146.0,Men
213,Rifle,Miłosz,36.2,16.1,1405.0,226.0,30.0,274.0,Men
214,Gun,Ilona,20.5,9.6,985.0,95.0,18.0,183.0,Women
215,Gun,Zuza,15.2,8.6,1204.0,103.0,29.0,263.0,Women
216,Gun,Karol,108.6,30.7,3473.0,1066.0,47.0,527.0,Men
217,Gun,Julka,103.8,30.4,3365.0,1023.0,47.0,527.0,Women
220,Gun,Miłosz,37.9,13.6,3385.0,462.0,43.0,516.0,Men
221,Gun,Zosia,31.4,14.1,3598.0,508.0,69.0,691.0,Women
223,Gun,Mikołaj,24.5,9.5,4730.0,449.0,69.0,727.0,Men
226,Gun,Michał,84.7,15.1,1577.0,238.0,15.0,193.0,Men
230,Gun,Przemek,106.6,20.9,3048.0,638.0,19.0,282.0,Men
231,Rifle,Tomcio,55.9,22.2,1659.0,368.0,28.0,316.0,Men
233,Gun,Hubert,43.3,21.4,1230.0,263.0,23.0,288.0,Men
234,Rifle,Bartek,42.8,14.2,2658.0,378.0,38.0,377.0,Men
237,Rifle,Kamil,25.7,13.4,1294.0,173.0,28.0,284.0,Men
239,Rifle,Sabina,66.2,16.7,2713.0,454.0,68.0,304.0,Women
240,Rifle,Jarek,66.1,17.8,1960.0,348.0,39.0,237.0,Men
242,Rifle,Kamil,37.8,14.2,1862.0,265.0,57.0,299.0,Men
243,Gun,Wika,35.0,8.5,2270.0,193.0,36.0,214.0,Women
244,Rifle,Daria,29.2,19.5,910.0,177.0,47.0,280.0,Women
245,Rifle,Weronika,23.6,16.4,1106.0,181.0,67.0,338.0,Women
246,Rifle,Tomek,79.5,23.5,876.0,206.0,15.0,126.0,Men
248,Gun,Iza,32.4,21.0,558.0,117.0,23.0,170.0,Women
249,Gun,Ania,31.8,18.6,629.0,117.0,26.0,167.0,Women
250,Gun,Tomek,73.4,24.2,1341.0,325.0,27.0,260.0,Men
251,Rifle,Grzesiek,69.9,12.6,2169.0,273.0,24.0,222.0,Men
253,Gun,Marcin,26.7,14.8,1260.0,187.0,36.0,332.0,Men
256,Gun,Sabina,65.0,18.4,1934.0,355.0,25.0,290.0,Women
258,Rifle,Mati,47.7,11.0,2528.0,279.0,32.0,309.0,Men
260,Rifle,Mary,38.7,8.5,1696.0,145.0,17.0,175.0,Women
261,Gun,Kamil,32.1,10.3,2523.0,259.0,42.0,347.0,Men
262,Gun,Maciej,28.4,14.4,1715.0,247.0,49.0,427.0,Men
263,Rifle,Bartek,77.5,14.7,2162.0,318.0,31.0,290.0,Men
264,Gun,Konrad,65.8,18.9,1279.0,242.0,31.0,264.0,Men
265,Rifle,Mirek,54.4,15.7,1316.0,206.0,31.0,279.0,Men
266,Rifle,Zbyszek,50.4,16.6,1328.0,220.0,35.0,277.0,Men
267,Rifle,Wojtek,44.8,19.6,1305.0,256.0,61.0,457.0,Men
268,Gun,Przemek,43.7,15.5,930.0,144.0,25.0,221.0,Men
269,Rifle,Piotrek,39.4,18.2,969.0,176.0,50.0,382.0,Men
270,Gun,Dawid,35.3,13.3,1195.0,159.0,49.0,357.0,Men
271,Gun,Seweryn,23.3,13.6,953.0,130.0,52.0,392.0,Men
272,Gun,Arek,21.1,11.3,1097.0,124.0,50.0,395.0,Men
273,Gun,Miłosz,79.0,17.8,1841.0,327.0,44.0,246.0,Men
275,Gun,Przemek,39.1,20.3,868.0,176.0,56.0,282.0,Men
278,Rifle,Sam,27.0,20.6,630.0,130.0,47.0,292.0,Women
279,Gun,Asia,22.8,13.6,697.0,95.0,43.0,248.0,Women
280,Gun,Wojtek,93.5,35.9,655.0,235.0,9.0,143.0,Men
281,Gun,Bartek,46.0,19.8,921.0,182.0,17.0,183.0,Men
282,Gun,Damian,40.0,16.3,1046.0,171.0,18.0,188.0,Men
283,Gun,Wiktoria,26.9,9.5,935.0,89.0,12.0,130.0,Women
284,Gun,Aneta,20.8,3.8,1221.0,47.0,5.0,80.0,Women
285,Gun,Bartek,84.7,17.6,618.0,109.0,9.0,99.0,Men
286,Gun,Michał,49.9,9.9,755.0,75.0,14.0,119.0,Men
287,Gun,Arek,31.8,6.7,864.0,58.0,11.0,98.0,Men
288,Gun,Kacper,31.8,7.6,883.0,67.0,14.0,128.0,Men
289,Gun,Wojtek,26.8,6.8,753.0,51.0,14.0,125.0,Men
290,Gun,Mateusz,24.2,8.3,515.0,43.0,13.0,122.0,Men
291,Gun,Dawid,137.2,23.8,1277.0,304.0,10.0,108.0,Men
292,Gun,Igor,109.5,25.7,1890.0,486.0,16.0,223.0,Men
293,Rifle,Bartek,44.9,14.5,1620.0,235.0,15.0,224.0,Men
294,Gun,Irek,40.5,13.8,1293.0,178.0,17.0,186.0,Men
295,Gun,Kacper,20.1,7.6,2015.0,153.0,24.0,292.0,Men
296,Gun,Patryk,18.8,8.2,1496.0,123.0,24.0,253.0,Men
297,Gun,Ewa,1.0,0.9,690.0,6.0,20.0,199.0,Women
298,Rifle,Adi,99.1,21.4,6021.0,1286.0,55.0,617.0,Men
299,Rifle,Wojtek,87.9,26.8,4130.0,1105.0,63.0,643.0,Men
300,Gun,Sylwia,44.3,11.8,4371.0,516.0,41.0,479.0,Women
301,Rifle,Szymon,43.2,14.7,2906.0,426.0,26.0,424.0,Men
304,Gun,Judyta,39.2,14.2,3255.0,463.0,40.0,504.0,Women
305,Gun,Kasia_M,38.1,14.8,3136.0,464.0,43.0,525.0,Women
306,Gun,Julia,33.4,13.0,3307.0,429.0,47.0,539.0,Women
307,Gun,Ola_K,30.8,14.0,2043.0,285.0,29.0,394.0,Women
308,Gun,Oliwia,28.4,13.0,1865.0,243.0,28.0,358.0,Women
309,Rifle,Kasia_Cz,22.9,10.1,3435.0,348.0,77.0,607.0,Women
310,Gun,Ola_Z,19.9,6.8,2328.0,159.0,24.0,301.0,Women
311,Gun,Paulina,15.4,7.6,2709.0,206.0,59.0,512.0,Women
312,Gun,Wojtek,90.9,16.2,2341.0,379.0,10.0,183.0,Men
313,Gun,Krzysiek,53.4,15.4,2132.0,328.0,31.0,267.0,Men
314,Gun,Dawid,51.2,14.5,2351.0,342.0,30.0,286.0,Men
315,Rifle,Łukasz,41.6,12.9,1779.0,229.0,23.0,230.0,Men
316,Gun,Marcin,39.7,18.8,1203.0,226.0,28.0,260.0,Men
317,Rifle,Grzegorz,38.7,14.9,1873.0,279.0,37.0,311.0,Men
318,Rifle,Piotrek,30.5,14.4,1713.0,247.0,36.0,347.0,Men
319,Gun,Tomek,15.9,7.2,1462.0,105.0,25.0,251.0,Men
320,Rifle,Kacper,66.2,19.7,1634.0,322.0,20.0,225.0,Men
322,Gun,Agnieszka,28.0,9.0,1486.0,133.0,16.0,186.0,Women
323,Gun,Tomek,19.3,8.6,1298.0,112.0,29.0,226.0,Men
324,Gun,Maciek,70.4,19.7,984.0,194.0,7.0,127.0,Men
326,Gun,Robert,57.4,12.8,1568.0,200.0,15.0,145.0,Men
328,Gun,Martyna,23.6,12.7,1079.0,137.0,29.0,242.0,Women
330,Gun,Andrzej,129.5,23.5,4071.0,957.0,24.0,361.0,Men
331,Gun,Antek,98.9,22.1,4255.0,940.0,45.0,456.0,Men
332,Gun,Frania,82.7,29.4,2716.0,798.0,58.0,510.0,Women
334,Gun,Paweł,46.7,14.3,3611.0,515.0,58.0,472.0,Men
336,Gun,Kuba,24.7,8.5,2972.0,254.0,39.0,400.0,Men
337,Gun,Olek,7.8,4.1,1405.0,58.0,22.0,266.0,Men
338,Gun,Emilka,7.2,4.9,1885.0,93.0,49.0,475.0,Women
339,Gun,Antosia,7.1,4.9,1445.0,71.0,30.0,366.0,Women
341,Gun,Łukasz,140.2,38.4,1488.0,571.0,21.0,239.0,Men
342,Gun,Leo,132.5,27.1,1847.0,500.0,21.0,193.0,Men
345,Gun,Niko,91.6,20.0,1896.0,379.0,14.0,192.0,Men
346,Gun,Natan,78.6,21.2,2026.0,429.0,27.0,258.0,Men
348,Rifle,Kacper,25.9,10.6,1366.0,145.0,21.0,225.0,Men
349,Gun,Patryk,24.1,11.3,1015.0,115.0,16.0,194.0,Men
350,Gun,Antoś,22.9,4.5,2570.0,116.0,18.0,183.0,Men
352,Rifle,Mati,19.0,8.7,1584.0,138.0,28.0,283.0,Men
353,Rifle,Emilka,14.8,12.2,762.0,93.0,32.0,259.0,Women
354,Gun,Maks,12.0,7.2,1022.0,74.0,25.0,234.0,Men
355,Rifle,Miłosz,9.8,6.7,1056.0,71.0,36.0,274.0,Men
356,Gun,Korneliusz,6.7,4.7,1404.0,66.0,40.0,358.0,Men
357,Gun,Antoni,4.5,3.8,877.0,33.0,28.0,260.0,Men
360,Gun,Mikołaj,68.1,12.2,2367.0,289.0,11.0,175.0,Men
361,Gun,Wojtek,67.5,23.9,619.0,148.0,13.0,107.0,Men
366,Gun,Kuba,21.4,6.5,1802.0,117.0,19.0,205.0,Men
369,Rifle,Konrad,74.8,16.6,1259.0,209.0,9.0,123.0,Men
370,Gun,Kasia,55.7,14.9,1472.0,219.0,17.0,169.0,Women
371,Gun,Asia,34.2,17.9,811.0,145.0,25.0,191.0,Women
372,Gun,Maja,30.9,11.0,944.0,104.0,11.0,136.0,Women
376,Rifle,Janek,57.5,22.7,3465.0,785.0,71.0,661.0,Men
379,Rifle,Adam,43.5,21.1,3716.0,785.0,94.0,855.0,Men
381,Rifle,Sandra,19.9,7.5,5739.0,430.0,92.0,828.0,Women
382,Rifle,Karol,16.3,5.9,7076.0,415.0,114.0,949.0,Men
389,Gun,Patryk,62.7,15.4,1279.0,197.0,14.0,136.0,Men
390,Gun,Bartek,53.5,17.5,902.0,158.0,17.0,132.0,Men
391,Rifle,Filip,36.3,13.1,1294.0,170.0,33.0,196.0,Men
392,Gun,Damian,24.9,11.0,891.0,98.0,26.0,159.0,Men
393,Rifle,Marek,147.2,20.5,4193.0,861.0,24.0,274.0,Men
394,Gun,Andrzej,60.6,8.0,3330.0,268.0,14.0,170.0,Men
395,Rifle,Wiktor,18.3,4.6,3350.0,154.0,31.0,306.0,Men
396,Gun,Karol,17.8,5.6,1581.0,89.0,20.0,184.0,Men
397,Gun,Kuba,14.5,4.1,2834.0,117.0,32.0,291.0,Men
400,Rifle,Sebastian,63.2,19.1,1274.0,243.0,25.0,206.0,Men
401,Rifle,Patrycja,39.8,14.4,1316.0,189.0,25.0,215.0,Women
402,Gun,Ola,39.2,13.0,1951.0,253.0,36.0,324.0,Women
405,Rifle,Sara,77.0,14.8,2583.0,383.0,22.0,244.0,Women
406,Rifle,Patrycja,72.1,18.0,1873.0,337.0,38.0,271.0,Women
407,Rifle,Klaudia_W.,46.2,12.8,1899.0,244.0,37.0,250.0,Women
408,Rifle,Łukasz,36.4,15.4,1845.0,284.0,53.0,387.0,Men
409,Rifle,Michał,35.8,15.2,1811.0,275.0,56.0,345.0,Men
410,Rifle,Magda,32.8,15.2,1587.0,242.0,53.0,374.0,Women
411,Rifle,Mariusz,25.5,11.1,1481.0,165.0,44.0,293.0,Men
412,Rifle,Justyna,22.7,11.6,1080.0,125.0,32.0,285.0,Women
413,Gun,Klaudia_Wi.,17.7,9.2,1369.0,126.0,47.0,304.0,Women
414,Gun,Kuba,188.3,34.5,737.0,254.0,12.0,123.0,Men
415,Gun,Adrian,28.5,11.4,622.0,71.0,32.0,239.0,Men
416,Gun,Klaudia,24.7,13.6,287.0,39.0,20.0,174.0,Women
417,Gun,Ola,11.7,4.3,440.0,19.0,10.0,106.0,Women
418,Gun,Julka,7.9,5.0,456.0,23.0,22.0,178.0,Women
419,Gun,Tomek,84.6,23.4,2240.0,524.0,40.0,356.0,Men
420,Rifle,Adrian_S.,60.1,20.0,1909.0,381.0,50.0,397.0,Men
421,Gun,Łukasz,50.9,17.7,2351.0,417.0,47.0,459.0,Men
422,Gun,Michał,48.2,25.5,1333.0,340.0,52.0,444.0,Men
423,Gun,Adrian_T.,36.9,11.8,1876.0,221.0,37.0,342.0,Men
424,Gun,Piotrek,33.7,21.0,1300.0,273.0,67.0,503.0,Men
425,Gun,Dawid,17.2,11.5,1303.0,150.0,69.0,513.0,Men
426,Rifle,Rafał,70.3,18.8,2843.0,535.0,31.0,348.0,Men
427,Gun,Sławek,66.3,12.7,3671.0,465.0,20.0,292.0,Men
428,Rifle,Konrad,35.3,16.3,1593.0,259.0,30.0,323.0,Men
429,Gun,Dawid,27.9,15.5,1250.0,194.0,30.0,303.0,Men
430,Gun,Maciek,20.6,11.9,1578.0,187.0,46.0,374.0,Men
431,Gun,Paweł_Kyc,87.3,18.0,1437.0,258.0,15.0,133.0,Men
432,Gun,Grzesiek,80.8,14.4,2207.0,318.0,16.0,168.0,Men
433,Rifle,Wiktor,53.7,18.9,1605.0,303.0,27.0,258.0,Men
434,Gun,Paweł_C.,36.2,16.0,1491.0,238.0,47.0,288.0,Men
435,Gun,Robert,26.4,18.8,989.0,186.0,41.0,322.0,Men
436,Gun,Wojtek,19.1,7.3,1839.0,135.0,33.0,269.0,Men
437,Rifle,Michał,78.3,20.4,1652.0,337.0,29.0,249.0,Men
438,Gun,Przemo,77.5,21.7,1945.0,423.0,52.0,356.0,Men
439,Rifle,Konrad,71.1,18.1,1891.0,343.0,32.0,272.0,Men
440,Gun,Eryk,54.4,19.5,1551.0,302.0,43.0,328.0,Men
441,Gun,Andrzej,49.7,14.0,1716.0,240.0,36.0,259.0,Men
442,Gun,Hubert,48.9,14.6,2007.0,293.0,49.0,311.0,Men
444,Gun,Franek,33.2,16.0,1057.0,169.0,43.0,277.0,Men
445,Gun,Agata,22.6,8.1,1439.0,116.0,35.0,264.0,Women
448,Gun,Dominika,11.9,6.2,939.0,58.0,36.0,242.0,Women
449,Rifle,Magda,124.1,15.3,4472.0,684.0,14.0,239.0,Women
451,Gun,Wojtek,50.6,17.9,2111.0,378.0,35.0,337.0,Men
452,Rifle,Marcin,42.6,13.0,2256.0,294.0,34.0,289.0,Men
453,Gun,Emilka,39.4,10.6,3034.0,323.0,25.0,330.0,Women
455,Gun,Vanessa,16.4,5.1,1934.0,98.0,14.0,218.0,Women
456,Gun,Julia_B.,14.0,2.3,3084.0,70.0,14.0,173.0,Women
457,Gun,Ania,11.7,2.7,1612.0,44.0,8.0,131.0,Women
458,Gun,Julia_Ch.,0.0,0.0,488.0,0.0,15.0,210.0,Women
459,Rifle,Maciej,109.1,21.7,969.0,210.0,17.0,115.0,Men
460,Rifle,Łukasz,58.9,17.1,1383.0,237.0,38.0,233.0,Men
461,Gun,Dominik,40.1,9.6,1202.0,115.0,18.0,149.0,Men
462,Gun,Agnieszka,20.2,11.3,934.0,106.0,52.0,297.0,Women
463,Gun,Kacper,19.1,10.0,667.0,67.0,27.0,175.0,Men
464,Gun,Michał,133.3,17.2,1471.0,253.0,4.0,84.0,Men
465,Rifle,Paweł,57.4,19.2,1273.0,244.0,13.0,195.0,Men
467,Rifle,Ryszard,35.5,11.2,1440.0,161.0,19.0,184.0,Men
468,Gun,Oliwia,33.9,10.8,1752.0,189.0,23.0,225.0,Women
469,Gun,Krystian,33.7,7.7,2003.0,155.0,21.0,176.0,Men
470,Gun,Gabriela,20.2,7.2,848.0,61.0,9.0,114.0,Women
472,Rifle,Kuba,185.8,21.7,4148.0,902.0,26.0,285.0,Men
473,Rifle,Julka,130.3,6.3,4980.0,316.0,10.0,114.0,Women
474,Gun,Zuza,104.0,11.9,3188.0,378.0,16.0,197.0,Women
475,Gun,Oliwia,33.8,9.6,1661.0,160.0,28.0,223.0,Women
476,Gun,Janek,26.8,16.0,1633.0,261.0,67.0,529.0,Men
478,Gun,Oskar,9.9,7.6,1163.0,88.0,48.0,429.0,Men
479,Gun,Mikołaj,8.0,4.9,1923.0,95.0,59.0,506.0,Men
480,Rifle,Janek,158.1,26.4,1470.0,388.0,17.0,172.0,Men
481,Rifle,Kazio,131.0,21.7,1551.0,337.0,22.0,194.0,Men
482,Rifle,Grzesiek,85.8,17.2,1450.0,249.0,18.0,207.0,Men
483,Rifle,Kuba,59.2,20.9,1491.0,312.0,49.0,440.0,Men
484,Gun,Michał,53.3,21.4,1099.0,235.0,51.0,365.0,Men
485,Rifle,Gabryś,46.1,20.2,1602.0,323.0,76.0,597.0,Men
486,Gun,Wojtek,34.8,13.2,1306.0,172.0,41.0,339.0,Men
487,Gun,Borys,11.1,10.2,696.0,71.0,45.0,375.0,Men
488,Gun,Hubert,8.3,3.4,1629.0,56.0,60.0,516.0,Men
489,Gun,Ksawery,3.3,3.1,937.0,29.0,60.0,557.0,Men
490,Rifle,Gabryś,100.4,21.6,2812.0,606.0,20.0,287.0,Men
491,Gun,Marcel,67.4,13.9,3377.0,470.0,26.0,296.0,Men
492,Gun,Ksawery,35.3,12.7,1795.0,228.0,19.0,269.0,Men
493,Gun,Magda,30.1,11.9,1931.0,230.0,36.0,314.0,Women
494,Gun,Zofia,25.6,12.6,1661.0,210.0,32.0,342.0,Women
495,Gun,Przemek,21.7,4.0,3550.0,143.0,16.0,236.0,Men
496,Gun,Gośka,20.4,9.7,1557.0,151.0,28.0,294.0,Women
497,Gun,Wiktor_S,221.8,29.1,1678.0,488.0,7.0,115.0,Men
498,Rifle,Wiktor_C,47.0,21.1,1045.0,221.0,24.0,222.0,Men
499,Gun,Nikodem,36.1,6.9,853.0,59.0,2.0,61.0,Men
500,Gun,Kamil,27.3,8.1,1402.0,114.0,13.0,161.0,Men
502,Gun,Iza,7.4,6.6,530.0,35.0,13.0,178.0,Women
503,Gun,Niko,217.3,26.2,4416.0,1155.0,13.0,269.0,Men
506,Gun,Natan,53.8,22.6,4395.0,994.0,108.0,894.0,Men
508,Gun,Tomek,49.7,15.1,2899.0,439.0,30.0,382.0,Men
512,Gun,Antek,4.5,2.6,2606.0,69.0,52.0,536.0,Men
513,Rifle,Andrzej,77.1,16.5,3385.0,558.0,38.0,320.0,Men
514,Rifle,Szymon,47.9,9.0,2779.0,251.0,18.0,205.0,Men
515,Gun,Bartek,32.8,10.9,1729.0,188.0,18.0,232.0,Men
516,Rifle,Franek,23.6,10.6,1540.0,163.0,24.0,278.0,Men
517,Gun,Eryk,19.8,6.8,2018.0,138.0,31.0,263.0,Men
518,Rifle,Szymon,83.8,22.6,3261.0,736.0,37.0,436.0,Men
519,Gun,Hubert,67.3,11.5,3738.0,430.0,20.0,279.0,Men
520,Gun,Lucjan,59.5,15.3,4515.0,689.0,47.0,563.0,Men
521,Gun,Tymek,59.5,13.5,3263.0,440.0,31.0,348.0,Men
522,Gun,Leo,45.3,14.5,3550.0,515.0,72.0,560.0,Men
523,Gun,Ernest,38.2,14.2,2825.0,400.0,50.0,495.0,Men
524,Gun,Tomek,25.2,11.8,2147.0,253.0,43.0,461.0,Men
525,Gun,Oskar,21.3,7.4,3245.0,240.0,59.0,491.0,Men
526,Gun,Filip,11.0,4.6,1976.0,90.0,42.0,344.0,Men
530,Rifle,Hubert,66.5,19.0,2833.0,538.0,29.0,371.0,Men
531,Rifle,Marcin,43.3,12.9,3074.0,398.0,36.0,384.0,Men
532,Rifle,Jarek,35.9,19.4,1635.0,317.0,45.0,408.0,Men
533,Rifle,Mariusz,25.3,10.5,2977.0,314.0,41.0,499.0,Men
534,Gun,Krzysztof,25.1,13.5,2221.0,299.0,64.0,504.0,Men
535,Gun,Mateusz,21.4,8.4,3107.0,262.0,51.0,475.0,Men
536,Rifle,Tomek,219.0,22.7,5655.0,1283.0,11.0,283.0,Men
537,Rifle,Franek_P,92.1,14.1,5534.0,778.0,21.0,360.0,Men
538,Gun,Olek,71.8,12.8,4250.0,542.0,15.0,315.0,Men
539,Gun,Franek_Z,42.4,16.4,2224.0,365.0,31.0,380.0,Men
540,Gun,Jasiek_T,28.4,11.6,3515.0,408.0,62.0,588.0,Men
541,Gun,Kamil,22.2,11.7,3078.0,361.0,75.0,667.0,Men
542,Gun,Nikodem,13.9,7.3,2950.0,214.0,71.0,587.0,Men
543,Gun,Jasiek_K,13.3,6.2,4202.0,260.0,93.0,733.0,Men
544,Gun,Wiktor,8.7,3.9,2464.0,95.0,24.0,393.0,Men
545,Gun,Antek,63.7,14.6,4512.0,658.0,30.0,444.0,Men
547,Gun,Marcin,37.1,12.4,2582.0,319.0,25.0,357.0,Men
548,Gun,Maciej,34.6,14.1,1543.0,217.0,17.0,267.0,Men
550,Gun,Rafał,32.6,10.0,2331.0,234.0,15.0,286.0,Men
551,Rifle,Miłosz,80.4,25.1,1834.0,461.0,39.0,358.0,Men
552,Rifle,Szymon,75.3,19.1,1851.0,353.0,18.0,263.0,Men
553,Rifle,Mati,50.2,22.3,1498.0,334.0,39.0,392.0,Men
555,Rifle,Bartek,32.5,15.8,1906.0,302.0,58.0,496.0,Men
559,Gun,Jan,46.3,9.9,4554.0,451.0,35.0,388.0,Men
563,Gun,Kinga,29.0,10.6,2490.0,263.0,32.0,365.0,Women
569,Gun,Edzio,25.7,6.4,2402.0,153.0,25.0,223.0,Men
572,Rifle,Mariusz,63.6,22.9,1604.0,368.0,34.0,280.0,Men
573,Rifle,Paweł,42.1,22.1,1234.0,273.0,45.0,311.0,Men
574,Gun,Kajtek,34.2,17.2,953.0,164.0,19.0,214.0,Men
576,Rifle,Krystian,68.3,23.4,1734.0,406.0,49.0,422.0,Men
577,Gun,Przemek_G,62.7,16.6,2535.0,421.0,34.0,339.0,Men
578,Gun,Marcin,61.9,19.3,2025.0,390.0,44.0,416.0,Men
579,Rifle,Przemek_Ł,54.7,12.9,2401.0,309.0,35.0,332.0,Men
580,Gun,Tobiasz,36.4,15.2,1466.0,223.0,32.0,313.0,Men
581,Rifle,Sławek,32.0,13.9,1278.0,178.0,39.0,374.0,Men
582,Rifle,Rafał,26.9,18.9,1169.0,221.0,53.0,442.0,Men
583,Gun,Michał,25.0,19.4,966.0,187.0,48.0,405.0,Men
584,Gun,Marcin,83.4,12.1,2170.0,262.0,21.0,207.0,Men
585,Rifle,Bartek,63.3,15.4,1607.0,247.0,24.0,247.0,Men
588,Rifle,Grzesiek,34.7,8.2,1856.0,152.0,35.0,277.0,Men
589,Gun,Piotr,33.4,9.4,1643.0,155.0,17.0,219.0,Men
591,Gun,Krzysiek,9.2,5.7,1309.0,74.0,51.0,431.0,Men
592,Rifle,Tadek,67.0,12.5,3459.0,434.0,22.0,269.0,Men
593,Gun,Dawid,64.1,17.3,3338.0,579.0,41.0,404.0,Men
594,Rifle,Krzysiek_L,54.5,15.6,3814.0,596.0,48.0,477.0,Men
595,Gun,Michał,47.5,6.3,4078.0,257.0,17.0,202.0,Men
596,Rifle,Kacper,42.6,11.1,3775.0,418.0,39.0,399.0,Men
597,Rifle,Kamil,37.5,9.4,2915.0,274.0,28.0,288.0,Men
598,Gun,Artur,27.6,11.6,2095.0,243.0,34.0,360.0,Men
599,Gun,Krzysiek_Z,27.2,7.3,2725.0,200.0,23.0,280.0,Men
600,Gun,Paweł,24.6,7.0,2905.0,204.0,18.0,314.0,Men
601,Rifle,Jarek,23.8,12.4,2307.0,286.0,60.0,498.0,Men
602,Rifle,Dawid,73.6,20.5,1269.0,260.0,17.0,195.0,Men
603,Rifle,Paweł_Ch,62.0,14.2,2810.0,400.0,39.0,365.0,Men
605,Gun,Kamil,56.0,11.8,2312.0,273.0,22.0,242.0,Men
606,Rifle,Emil,46.8,14.0,2183.0,305.0,35.0,349.0,Men
607,Rifle,Paweł_B,46.4,17.7,2135.0,377.0,57.0,486.0,Men
608,Rifle,Krystian,40.3,18.3,1423.0,260.0,40.0,347.0,Men
609,Rifle,Maciej,27.2,13.3,1333.0,177.0,40.0,352.0,Men
611,Rifle,Łukasz,17.5,5.2,2352.0,122.0,42.0,363.0,Men
612,Rifle,Mateusz,68.9,15.5,3464.0,538.0,49.0,430.0,Men
613,Gun,Rafał,48.9,14.7,1978.0,290.0,36.0,333.0,Men
614,Rifle,Kacper,36.0,14.3,2203.0,314.0,37.0,421.0,Men
615,Rifle,Karol,33.8,9.0,2629.0,237.0,34.0,323.0,Men
616,Rifle,Kamil,33.6,12.0,2296.0,275.0,37.0,367.0,Men
617,Rifle,Marcin,32.9,12.5,2250.0,281.0,37.0,397.0,Men
624,Gun,Maks,111.8,32.0,1730.0,554.0,56.0,474.0,Men
625,Gun,Dominik,56.4,22.6,1753.0,396.0,86.0,657.0,Men
628,Rifle,Mariuszek,25.4,14.8,949.0,140.0,47.0,357.0,Men
632,Rifle,Wojtek,141.2,16.9,4824.0,817.0,17.0,257.0,Men
639,Gun,Ola,10.4,6.9,3173.0,218.0,98.0,797.0,Women
640,Gun,Emilka,10.2,8.0,2902.0,233.0,118.0,883.0,Women
641,Gun,Dominika,4.4,1.2,5173.0,63.0,46.0,493.0,Women
648,Rifle,Paweł,151.1,22.4,3887.0,870.0,20.0,277.0,Men
649,Gun,Karol,114.6,21.5,5126.0,1101.0,40.0,457.0,Men
653,Gun,Gaba,40.8,12.3,3046.0,376.0,38.0,382.0,Women
654,Gun,Igor,35.9,8.0,3703.0,298.0,25.0,320.0,Men
656,Gun,Leon,23.5,8.8,3787.0,332.0,62.0,553.0,Men
660,Rifle,Łukasz,67.0,14.6,1700.0,249.0,7.0,159.0,Men
661,Rifle,Jasiek,59.6,22.1,1210.0,268.0,19.0,215.0,Men
662,Rifle,Bartek,58.5,13.3,1936.0,258.0,12.0,185.0,Men
665,Rifle,Kuba,33.2,14.6,989.0,144.0,15.0,186.0,Men
666,Gun,Karolina,28.4,6.6,1890.0,124.0,8.0,164.0,Women
667,Gun,Wojtek,26.0,15.8,1027.0,162.0,24.0,272.0,Men
669,Rifle,Szymon,68.2,20.8,1548.0,322.0,27.0,270.0,Men
670,Rifle,Konrad,67.9,26.7,1398.0,373.0,47.0,334.0,Men
672,Gun,Marcin,57.0,22.2,1327.0,295.0,30.0,296.0,Men
673,Gun,Michał,44.8,24.6,923.0,227.0,48.0,347.0,Men
674,Gun,Wojtek,25.0,14.6,1126.0,164.0,44.0,348.0,Men
675,Rifle,Kuba,18.9,15.8,751.0,119.0,56.0,341.0,Men
676,Gun,Julia,108.8,27.1,1727.0,468.0,18.0,220.0,Women
677,Rifle,Zuza,71.5,24.4,1617.0,395.0,27.0,273.0,Women
678,Gun,Pola,71.3,21.8,1829.0,399.0,24.0,267.0,Women
679,Gun,Nadia,55.3,9.8,2409.0,237.0,12.0,170.0,Women
680,Gun,Laura,49.5,15.9,1273.0,203.0,9.0,179.0,Women
682,Gun,Zosia,24.8,12.3,1624.0,199.0,36.0,332.0,Women
684,Gun,Ola,2.2,1.2,1439.0,17.0,23.0,262.0,Women
685,Gun,Adrian,70.8,32.6,1378.0,449.0,33.0,348.0,Men
686,Gun,Marek,54.3,18.7,3663.0,686.0,73.0,578.0,Men
687,Gun,Szymon,47.6,13.9,3011.0,419.0,29.0,374.0,Men
688,Gun,Miłosz,47.3,12.2,2702.0,330.0,21.0,288.0,Men
689,Gun,Dawid,42.6,15.3,2412.0,368.0,35.0,375.0,Men
690,Gun,Mateusz,41.2,18.9,2602.0,491.0,58.0,547.0,Men
691,Gun,Marcel,33.6,13.4,2503.0,335.0,30.0,421.0,Men
693,Rifle,Kuba_So,126.0,24.6,3343.0,821.0,24.0,323.0,Men
694,Gun,Kuba_ST,107.6,16.0,2572.0,411.0,9.0,167.0,Men
696,Gun,Gabriel,64.7,12.7,5006.0,636.0,39.0,410.0,Men
697,Gun,Tymek,49.5,11.5,4999.0,573.0,39.0,474.0,Men
700,Gun,Adam_G,23.3,13.4,2580.0,347.0,73.0,628.0,Men
701,Rifle,Piotr,16.0,11.9,1714.0,204.0,70.0,524.0,Men
702,Gun,Ania,13.6,6.8,1887.0,129.0,35.0,359.0,Women
703,Gun,Ada,13.0,2.6,2440.0,64.0,19.0,171.0,Women
704,Gun,Michał,4.4,6.5,705.0,46.0,41.0,390.0,Men
705,Gun,Jakub,94.8,21.6,1400.0,302.0,20.0,157.0,Men
706,Rifle,Filip,36.1,16.7,833.0,139.0,31.0,200.0,Men
707,Gun,Dominik,34.6,12.1,1668.0,202.0,47.0,325.0,Men
708,Rifle,Kacper,25.6,14.8,803.0,119.0,36.0,254.0,Men
709,Gun,Kacper,105.0,14.6,3949.0,578.0,22.0,236.0,Men
710,Gun,Damian,40.3,11.1,2749.0,306.0,28.0,308.0,Men
711,Gun,Bartek,39.8,13.9,2768.0,385.0,50.0,411.0,Men
712,Gun,Krzysiek,30.1,8.4,2608.0,219.0,34.0,282.0,Men
713,Gun,Mateusz,25.7,8.3,2275.0,189.0,36.0,285.0,Men
714,Gun,Paweł,23.9,10.7,2112.0,225.0,52.0,380.0,Men
715,Gun,Karol,71.4,25.0,2319.0,580.0,45.0,459.0,Men
716,Rifle,Sandra,62.0,23.6,2655.0,627.0,53.0,543.0,Women
719,Gun,Misiek,43.5,12.9,2868.0,370.0,43.0,392.0,Men
720,Gun,Olga,8.5,7.6,1426.0,108.0,62.0,509.0,Women
721,Rifle,Zosia,81.1,14.8,3723.0,552.0,20.0,293.0,Women
723,Gun,Dominika,53.1,14.7,1988.0,292.0,23.0,236.0,Women
724,Gun,Zofia,42.1,9.9,1772.0,176.0,13.0,166.0,Women
726,Rifle,Klara,38.4,8.8,3081.0,272.0,26.0,277.0,Women
728,Gun,Laura,27.0,5.8,3160.0,183.0,22.0,251.0,Women
729,Rifle,Gosia,23.4,5.8,1981.0,115.0,15.0,182.0,Women
731,Gun,Ola,12.7,4.1,1731.0,71.0,16.0,200.0,Women
737,Rifle,Filip,47.1,15.3,3865.0,591.0,62.0,545.0,Men
740,Gun,Emilka,22.4,9.3,2580.0,239.0,41.0,421.0,Women
744,Gun,Kuba,124.1,32.1,3397.0,1091.0,41.0,480.0,Men
745,Gun,Łukasz,54.9,14.3,5421.0,775.0,56.0,604.0,Men
746,Gun,Filip,51.3,15.3,3897.0,595.0,52.0,504.0,Men
747,Gun,Wojtek,48.2,12.0,6075.0,726.0,52.0,621.0,Men
749,Gun,Waldemar,41.9,9.1,6320.0,576.0,59.0,541.0,Men
750,Gun,Marlenka,32.4,14.1,4582.0,648.0,119.0,854.0,Women
751,Gun,Kubuś,32.3,14.6,4165.0,608.0,97.0,810.0,Men
753,Gun,Kornelia,16.9,7.6,4419.0,336.0,102.0,764.0,Women
757,Gun,Krzychu,49.5,17.4,2930.0,510.0,56.0,462.0,Men
759,Gun,Bartek,33.3,16.4,2007.0,329.0,42.0,436.0,Men
760,Gun,Kacper,33.1,9.6,3210.0,308.0,41.0,369.0,Men
761,Gun,Iza,28.1,14.4,2022.0,292.0,52.0,445.0,Women
762,Gun,Alex,20.9,11.3,1826.0,207.0,55.0,404.0,Men
763,Rifle,Bernard,98.0,16.3,4146.0,674.0,31.0,357.0,Men
764,Gun,Martyna,52.5,13.6,2472.0,337.0,28.0,295.0,Women
765,Gun,Krzysiek,50.3,9.5,4591.0,436.0,35.0,373.0,Men
766,Gun,Przemek,41.1,14.1,2152.0,304.0,36.0,369.0,Men
767,Rifle,Ola,31.3,13.9,2536.0,353.0,75.0,569.0,Women
768,Rifle,Ala,19.9,11.8,1333.0,157.0,44.0,372.0,Women
769,Gun,Aga,12.3,5.4,2122.0,114.0,37.0,382.0,Women
770,Rifle,Damian,85.0,30.1,635.0,191.0,21.0,191.0,Men
775,Gun,Amelka,22.4,8.8,999.0,88.0,27.0,267.0,Women
776,Gun,Ola,19.0,6.9,1087.0,75.0,31.0,269.0,Women
777,Gun,Gabi,11.8,5.1,710.0,36.0,29.0,225.0,Women
778,Rifle,Daniel,85.2,23.4,1237.0,289.0,16.0,165.0,Men
779,Rifle,Igor,59.7,13.2,1746.0,231.0,20.0,162.0,Men
780,Rifle,Franek,42.1,14.6,1150.0,168.0,26.0,171.0,Men
781,Gun,Arek,18.5,8.8,990.0,87.0,20.0,183.0,Men
782,Rifle,Wiktor,17.7,11.7,614.0,72.0,25.0,166.0,Men
795,Rifle,Zbyszek,54.0,19.8,1214.0,240.0,46.0,272.0,Men
796,Rifle,Tomek,51.4,20.5,1139.0,234.0,43.0,261.0,Men
798,Gun,Sylwia,18.1,8.1,1017.0,82.0,44.0,258.0,Women
799,Gun,Kasia,16.2,6.7,1235.0,83.0,42.0,259.0,Women
800,Rifle,Damian,83.0,20.8,2829.0,589.0,40.0,400.0,Men
803,Rifle,Kacper,39.9,17.3,2081.0,361.0,55.0,489.0,Men
804,Gun,Olga,36.7,12.7,1690.0,215.0,38.0,352.0,Women
805,Gun,Adam,32.1,16.8,1521.0,255.0,59.0,449.0,Men
807,Rifle,Damian,87.5,18.8,2731.0,513.0,19.0,268.0,Men
809,Rifle,Grzesiek,53.9,22.3,1621.0,362.0,26.0,323.0,Men
810,Rifle,Wojtek,53.4,15.7,2083.0,327.0,17.0,267.0,Men
811,Rifle,Aga,50.4,13.0,2809.0,365.0,32.0,303.0,Women
812,Gun,Piotr,45.3,15.7,1883.0,296.0,22.0,285.0,Men
813,Rifle,Justyna,37.8,12.3,3007.0,371.0,43.0,407.0,Women
814,Gun,Edi,33.2,12.2,3135.0,381.0,52.0,475.0,Men
815,Gun,Sylwia,22.9,8.8,2777.0,244.0,46.0,417.0,Women
816,Gun,Magda,15.6,4.0,3127.0,126.0,30.0,290.0,Women
818,Gun,Tomek,50.1,16.7,1490.0,249.0,57.0,340.0,Men
820,Gun,Ernest,38.2,13.2,2091.0,275.0,91.0,542.0,Men
822,Gun,Marcinek,84.2,24.5,2493.0,612.0,42.0,360.0,Men
823,Gun,Wika,80.1,15.1,3000.0,454.0,34.0,245.0,Women
824,Rifle,Michał,63.4,17.3,1915.0,332.0,32.0,234.0,Men
825,Rifle,Tomek,60.3,10.0,3183.0,318.0,24.0,210.0,Men
826,Gun,Angela,31.6,5.7,3158.0,181.0,28.0,212.0,Women
827,Gun,Piotrek,31.5,18.2,1193.0,217.0,39.0,312.0,Men
828,Gun,Daria,27.6,12.8,1747.0,223.0,49.0,337.0,Women
829,Gun,Ola,21.0,7.2,2043.0,148.0,27.0,268.0,Women
830,Gun,Kasia,20.3,9.4,1116.0,105.0,30.0,204.0,Women
831,Gun,Monika,9.3,4.5,1588.0,72.0,40.0,280.0,Women
832,Rifle,Mati,59.7,23.4,474.0,111.0,10.0,90.0,Men
836,Gun,Natka,36.0,11.1,951.0,106.0,13.0,119.0,Women
840,Gun,Julia,18.9,5.1,352.0,18.0,2.0,34.0,Women
841,Gun,Niki,12.4,7.2,516.0,37.0,9.0,113.0,Women
842,Gun,Dominik,70.6,23.0,1777.0,409.0,57.0,335.0,Men
843,Rifle,Marcin,65.3,19.2,1384.0,266.0,40.0,259.0,Men
844,Rifle,Karolina,54.3,12.6,1852.0,233.0,27.0,202.0,Women
846,Rifle,Monika,19.7,9.8,1124.0,110.0,49.0,288.0,Women
847,Gun,Bartek,15.0,10.6,1098.0,116.0,75.0,389.0,Men
849,Gun,Anita,92.3,44.9,623.0,280.0,8.0,191.0,Women
850,Gun,Borys,65.6,16.2,3932.0,638.0,43.0,428.0,Men
851,Gun,Klara,56.7,16.3,1892.0,308.0,19.0,239.0,Women
853,Gun,Ania,31.5,10.9,2819.0,307.0,39.0,395.0,Women
854,Gun,Kalina,21.3,4.1,3318.0,135.0,14.0,228.0,Women
855,Gun,Gabrysia,20.1,7.9,2368.0,186.0,41.0,356.0,Women
857,Gun,Ala,6.8,3.6,2017.0,72.0,40.0,377.0,Women
858,Rifle,Jan,66.7,16.9,3242.0,549.0,57.0,444.0,Men
859,Rifle,Leon,57.9,17.9,3143.0,564.0,63.0,530.0,Men
860,Rifle,Krystian,57.4,22.3,2485.0,553.0,82.0,523.0,Men
862,Rifle,Karol,44.9,16.9,2686.0,454.0,84.0,552.0,Men
863,Rifle,Natan,42.3,15.2,3469.0,528.0,85.0,644.0,Men
864,Rifle,Kacper,39.1,18.4,2151.0,395.0,70.0,526.0,Men
865,Gun,Milan,33.9,13.0,3157.0,410.0,79.0,615.0,Men
866,Rifle,Bartek,30.6,13.8,2676.0,370.0,86.0,585.0,Men
867,Gun,Tymon,25.2,10.6,2837.0,300.0,82.0,551.0,Men
868,Rifle,Kamil,111.3,23.1,2550.0,589.0,18.0,257.0,Men
870,Gun,Agnieszka,50.9,15.4,2705.0,417.0,40.0,356.0,Women
871,Rifle,Patryk_B.,48.0,14.3,3343.0,479.0,42.0,427.0,Men
873,Rifle,Kuba,46.4,16.7,2014.0,336.0,32.0,321.0,Men
874,Rifle,Daniel,40.0,14.4,3621.0,521.0,51.0,558.0,Men
878,Rifle,Patryk,133.5,21.2,1275.0,270.0,9.0,131.0,Men
879,Gun,Martyna,31.1,8.7,846.0,74.0,11.0,110.0,Women
880,Gun,Agata,26.3,11.5,1104.0,127.0,28.0,263.0,Women
881,Gun,Kamil,6.1,1.3,1440.0,19.0,12.0,142.0,Men
882,Rifle,Piotrek,64.0,19.3,1673.0,323.0,22.0,232.0,Men
884,Rifle,Sylwek,54.7,14.7,2020.0,297.0,26.0,233.0,Men
885,Rifle,Michał,43.0,13.1,1797.0,235.0,22.0,229.0,Men
887,Gun,Stefan,25.8,8.7,1914.0,167.0,29.0,252.0,Men
888,Gun,Aleks,112.9,24.2,4576.0,1109.0,32.0,485.0,Men
894,Gun,Mateusz,26.3,7.8,4910.0,384.0,56.0,561.0,Men
896,Rifle,Igor,114.8,22.8,1533.0,350.0,10.0,147.0,Men
897,Rifle,Kuba,97.6,16.8,2324.0,390.0,13.0,177.0,Men
899,Rifle,Arek,49.7,11.0,1949.0,215.0,15.0,175.0,Men
900,Rifle,Dawid,48.0,19.8,1472.0,291.0,24.0,281.0,Men
901,Gun,Ania,41.9,9.0,3392.0,306.0,27.0,286.0,Women
902,Gun,Katarzyna,25.6,7.4,1959.0,144.0,16.0,214.0,Women
903,Gun,Mirek,21.4,12.6,1637.0,206.0,44.0,401.0,Men
904,Gun,Grzegorz,15.6,5.9,1236.0,73.0,11.0,173.0,Men
905,Gun,Bartosz,1.6,0.9,1197.0,11.0,15.0,228.0,Men
906,Rifle,Kamil,67.6,17.2,3306.0,567.0,38.0,375.0,Men
907,Rifle,Kuba,66.7,26.1,1470.0,384.0,34.0,291.0,Men
911,Rifle,Maks,41.9,14.2,3588.0,508.0,68.0,518.0,Men
913,Gun,Jakub,23.1,8.8,2200.0,193.0,21.0,327.0,Men
920,Rifle,Kubuś_Terminator,11.6,10.5,526.0,55.0,48.0,293.0,Men
921,Rifle,Krzysiek,115.0,19.5,1110.0,216.0,6.0,86.0,Men
922,Gun,Maja,66.9,13.6,964.0,131.0,4.0,82.0,Women
923,Gun,Agnieszka,35.2,7.4,2042.0,151.0,13.0,163.0,Women
924,Gun,Martynka,3.2,2.5,685.0,17.0,22.0,184.0,Women
925,Rifle,Wojciech,72.9,12.4,1368.0,170.0,12.0,96.0,Men
926,Rifle,Paweł,70.5,15.9,1122.0,178.0,12.0,110.0,Men
928,Gun,Asia,22.4,9.2,1060.0,97.0,21.0,170.0,Women
936,Rifle,Niko,104.4,22.4,1418.0,318.0,10.0,146.0,Men
940,Rifle,Veronica,7.5,4.0,979.0,39.0,17.0,185.0,Women
942,Rifle,Marianek,38.8,13.3,1294.0,172.0,20.0,234.0,Men
943,Gun,Gabriela,30.2,13.0,1088.0,141.0,27.0,249.0,Women
944,Rifle,Dominika,26.9,12.6,1391.0,175.0,40.0,366.0,Women
945,Rifle,Łukasz,83.9,19.3,1120.0,216.0,5.0,118.0,Men
946,Rifle,Rafał,76.0,11.0,2849.0,314.0,14.0,167.0,Men
948,Gun,Aga,35.6,7.0,1491.0,105.0,12.0,111.0,Women
950,Gun,Roksana,22.2,9.1,1314.0,119.0,21.0,210.0,Women
951,Gun,Paulina,20.2,6.6,1614.0,106.0,22.0,197.0,Women
954,Rifle,Marcelek,50.5,20.0,1599.0,320.0,32.0,295.0,Men
957,Rifle,Gabriel,36.8,24.4,880.0,215.0,30.0,289.0,Men
958,Gun,Marta,32.6,15.5,1234.0,191.0,30.0,255.0,Women
960,Gun,Agatka,3.7,1.3,1365.0,18.0,15.0,165.0,Women
961,Rifle,Radek,76.9,15.9,1976.0,315.0,41.0,287.0,Men
962,Rifle,Arek,71.2,20.8,1343.0,279.0,37.0,244.0,Men
963,Gun,Kuba,61.4,19.1,1589.0,304.0,48.0,329.0,Men
964,Rifle,Paweł_W.,54.3,18.5,1830.0,339.0,67.0,368.0,Men
965,Gun,Krystian,40.0,11.1,1857.0,206.0,40.0,299.0,Men
966,Rifle,Paweł_A.,37.2,10.8,2164.0,234.0,52.0,320.0,Men
967,Rifle,Kamil,23.8,14.8,1000.0,148.0,54.0,352.0,Men
968,Rifle,Dawid,21.7,11.7,1087.0,127.0,39.0,300.0,Men
971,Rifle,Kuba,68.7,19.1,4322.0,825.0,51.0,552.0,Men
972,Rifle,Marius,65.6,13.9,3660.0,508.0,25.0,329.0,Men
973,Rifle,Dawid,60.5,19.7,2541.0,500.0,31.0,383.0,Men
976,Gun,Felix,44.3,8.9,4685.0,415.0,32.0,367.0,Men
979,Gun,Weronika,23.4,10.7,2991.0,321.0,59.0,553.0,Women
980,Rifle,Natalia,13.7,8.3,1527.0,127.0,45.0,359.0,Women
981,Rifle,Martyna,10.6,11.1,1415.0,157.0,75.0,601.0,Women
984,Gun,Aleks,63.7,21.5,3034.0,653.0,53.0,578.0,Men
992,Gun,Mateusz,74.5,27.3,1317.0,360.0,21.0,248.0,Men
993,Gun,Rafał,60.9,17.3,2629.0,456.0,35.0,335.0,Men
995,Rifle,Adrian,39.9,13.9,2732.0,381.0,59.0,406.0,Men
996,Gun,Monia,31.4,8.4,2076.0,174.0,24.0,215.0,Women
999,Rifle,Iwo,77.4,16.3,3703.0,602.0,36.0,343.0,Men
1007,Gun,Seba,25.9,13.8,1795.0,247.0,38.0,404.0,Men
1010,Gun,Karol,19.5,9.7,3065.0,298.0,77.0,607.0,Men
1012,Gun,Wiktor,8.8,5.4,2039.0,110.0,58.0,461.0,Men
1013,Rifle,Karol,85.6,14.8,4343.0,642.0,20.0,323.0,Men
1014,Gun,Kacper,57.2,13.3,2875.0,381.0,25.0,280.0,Men
1015,Rifle,Bartek,55.6,13.8,3802.0,524.0,32.0,400.0,Men
1016,Gun,Mateusz,55.6,10.9,2416.0,263.0,13.0,191.0,Men
1017,Rifle,Filip,54.4,12.6,4017.0,507.0,35.0,388.0,Men
1018,Rifle,Julia,46.0,10.0,1922.0,192.0,13.0,166.0,Women
1019,Rifle,Piotrek,43.9,18.7,2236.0,418.0,38.0,435.0,Men
1021,Rifle,Janek,42.1,25.1,1763.0,442.0,55.0,525.0,Men
1023,Gun,Adam,14.7,9.4,2098.0,197.0,58.0,529.0,Men
1025,Gun,Natalia,75.6,18.1,1538.0,278.0,14.0,166.0,Women
1027,Rifle,Wiktoria,44.7,17.4,1122.0,195.0,14.0,195.0,Women
1028,Rifle,Klaudia,38.9,18.0,876.0,158.0,15.0,183.0,Women
1031,Rifle,Adrian,107.3,24.3,1605.0,390.0,9.0,179.0,Men
1032,Gun,Dawid,66.6,18.6,995.0,185.0,5.0,126.0,Men
1033,Gun,Kacper,36.4,14.6,1207.0,176.0,13.0,207.0,Men
1034,Rifle,Michał,34.7,26.0,584.0,152.0,18.0,221.0,Men
1035,Gun,Mikołaj,30.4,20.6,719.0,148.0,23.0,228.0,Men
1036,Gun,Kaja,19.0,10.6,762.0,81.0,13.0,171.0,Women
1039,Gun,Szymek,53.6,14.6,2654.0,387.0,21.0,310.0,Men
1044,Gun,Maja,24.5,13.0,2181.0,284.0,61.0,485.0,Women
1045,Gun,Olek,19.6,8.1,2089.0,169.0,34.0,333.0,Men
1046,Gun,Ala,3.9,3.2,1477.0,48.0,43.0,432.0,Women
1047,Rifle,Rafał,101.7,12.0,2577.0,310.0,9.0,125.0,Men
1048,Rifle,Darek,71.9,14.3,1528.0,218.0,7.0,129.0,Men
1049,Gun,Ania,22.8,8.0,1980.0,159.0,34.0,269.0,Women
1050,Gun,Kasia,14.1,7.8,1220.0,95.0,27.0,259.0,Women
1051,Rifle,Natalia_Cz,547.4,46.6,365.0,170.0,0.0,19.0,Women
1052,Gun,Nikodem,143.9,24.2,1325.0,320.0,7.0,109.0,Men
1053,Rifle,Miłosz,117.8,29.1,851.0,248.0,12.0,110.0,Men
1054,Rifle,Natalia_N,91.3,34.2,523.0,179.0,11.0,109.0,Women
1055,Gun,Ania,34.0,10.2,706.0,72.0,8.0,84.0,Women
1056,Gun,Zosia,33.5,11.6,1936.0,224.0,30.0,274.0,Women
1057,Gun,Asia,12.7,3.5,1412.0,49.0,14.0,137.0,Women
1058,Gun,Ania,6.7,2.5,630.0,16.0,4.0,83.0,Women
1059,Gun,Amelka,5.3,8.2,355.0,29.0,29.0,210.0,Women
1060,Gun,Julka,2.0,0.9,1219.0,11.0,16.0,183.0,Women
1061,Rifle,Przemo,71.8,20.9,2307.0,483.0,55.0,419.0,Men
1062,Rifle,Kuba,54.0,18.0,1740.0,313.0,39.0,328.0,Men
1063,Rifle,Alek,53.9,20.7,2194.0,454.0,85.0,558.0,Men
1064,Rifle,Mariusz,32.3,12.4,1992.0,248.0,55.0,438.0,Men
1065,Rifle,Filip,29.6,10.9,2108.0,229.0,49.0,391.0,Men
1066,Rifle,Igor,23.6,8.2,2321.0,190.0,62.0,383.0,Men
1067,Rifle,Oskar,106.5,24.2,3933.0,952.0,45.0,441.0,Men
1069,Rifle,Tomek,63.8,18.0,3309.0,595.0,49.0,422.0,Men
1070,Gun,Niko,63.5,16.9,4097.0,692.0,60.0,485.0,Men
1071,Rifle,Leon,48.2,15.3,3427.0,524.0,57.0,472.0,Men
1072,Gun,Aleksander,47.3,18.1,2431.0,441.0,54.0,422.0,Men
1074,Gun,Klaudia,32.2,13.2,2504.0,331.0,43.0,432.0,Women
1075,Gun,Kuba_D,26.3,15.4,1587.0,244.0,50.0,404.0,Men
1076,Gun,Radek,15.2,6.1,2388.0,145.0,50.0,355.0,Men
1077,Gun,Michał,14.9,8.7,2001.0,174.0,51.0,455.0,Men
1078,Gun,Eryk,14.4,7.1,2638.0,186.0,63.0,491.0,Men
1079,Rifle,Tomek_W,106.4,16.9,1467.0,248.0,34.0,253.0,Men
1080,Rifle,Tomek_P,62.7,17.7,1129.0,200.0,37.0,275.0,Men
1081,Gun,Piotrek,61.7,12.2,1048.0,128.0,26.0,199.0,Men
1082,Gun,Paweł,30.2,9.0,1067.0,96.0,38.0,286.0,Men
1083,Rifle,Szymek,28.6,14.2,795.0,113.0,54.0,372.0,Men
1084,Gun,Michał,17.9,9.6,669.0,64.0,39.0,243.0,Men
1085,Gun,Seweryn,16.6,7.8,834.0,65.0,39.0,264.0,Men
1086,Rifle,Michał,78.1,30.4,1218.0,370.0,28.0,253.0,Men
1087,Rifle,Łukasz,77.5,23.6,1593.0,376.0,24.0,237.0,Men
1088,Rifle,Maciej,44.6,15.2,1352.0,205.0,20.0,199.0,Men
1089,Rifle,Miłosz,39.7,15.3,1302.0,199.0,22.0,217.0,Men
1090,Gun,Aga,24.7,10.1,1347.0,136.0,25.0,220.0,Women
1091,Gun,Kornel,19.1,10.0,1477.0,147.0,35.0,307.0,Men
1094,Gun,Janek,46.1,19.6,2119.0,416.0,65.0,544.0,Men
1095,Gun,Niko,42.7,19.7,2257.0,444.0,89.0,686.0,Men
1097,Gun,Kacper,26.3,11.2,2598.0,290.0,98.0,797.0,Men
1098,Rifle,Krzyś,69.3,9.2,5345.0,490.0,12.0,278.0,Men
1099,Rifle,Antek,62.6,10.9,3848.0,421.0,24.0,272.0,Men
1100,Rifle,Hubert,46.3,15.4,2696.0,414.0,40.0,389.0,Men
1101,Gun,Olaf,35.5,11.6,3205.0,373.0,38.0,430.0,Men
1102,Rifle,Szymon,34.7,11.5,3610.0,416.0,56.0,490.0,Men
1103,Gun,Filip,34.0,25.3,1089.0,275.0,44.0,405.0,Men
1104,Rifle,Emilia,31.4,7.8,3747.0,293.0,32.0,359.0,Women
1105,Rifle,Michał,30.1,6.7,3476.0,234.0,24.0,293.0,Men
1110,Gun,Mateusz,124.2,29.4,2343.0,690.0,22.0,293.0,Men
1111,Gun,Janek_H,62.9,13.3,2712.0,362.0,22.0,242.0,Men
1112,Gun,Franek,54.4,15.0,2990.0,448.0,24.0,356.0,Men
1113,Rifle,Sebastian,42.7,14.7,3888.0,573.0,61.0,578.0,Men
1114,Gun,Dawid,36.0,13.0,1518.0,197.0,7.0,229.0,Men
1115,Rifle,Szymon,32.8,13.3,2697.0,359.0,59.0,461.0,Men
1116,Gun,Tomek,32.8,13.8,2235.0,308.0,47.0,398.0,Men
1117,Gun,Michał,32.6,11.1,2634.0,293.0,36.0,365.0,Men
1118,Gun,Janek_P,28.5,10.0,2455.0,246.0,29.0,344.0,Men
1120,Gun,Kacper,18.1,7.7,1491.0,115.0,16.0,244.0,Men
1121,Rifle,Radomir,74.9,22.6,2759.0,624.0,51.0,468.0,Men
1122,Gun,James,64.2,25.7,2335.0,599.0,67.0,560.0,Men
1123,Rifle,Kuba,56.3,23.2,1874.0,435.0,52.0,460.0,Men
1124,Gun,Kamil,49.7,21.2,2099.0,445.0,52.0,478.0,Men
1125,Rifle,Agnieszka,48.6,20.2,1702.0,344.0,35.0,372.0,Women
1126,Rifle,Krzysiek,46.8,13.2,2578.0,340.0,48.0,395.0,Men
1127,Rifle,Karol,39.8,21.6,1849.0,400.0,67.0,563.0,Men
1128,Rifle,Darek,39.1,16.2,2284.0,371.0,50.0,466.0,Men
1129,Gun,Magda,36.9,14.4,2080.0,300.0,46.0,408.0,Women
1130,Gun,Gośka,36.7,21.2,1696.0,359.0,77.0,589.0,Women
1131,Gun,Kacper,34.6,14.2,2170.0,309.0,49.0,453.0,Men
1132,Gun,Ala,30.8,16.4,1834.0,301.0,61.0,509.0,Women
1134,Gun,Misiek,74.5,14.5,1521.0,220.0,6.0,126.0,Men
1136,Gun,Hania,52.2,18.5,1088.0,201.0,18.0,175.0,Women
1139,Gun,Igor,47.4,10.4,768.0,80.0,0.0,67.0,Men
1142,Gun,Kacper,27.3,7.4,1975.0,147.0,22.0,205.0,Men
1146,Gun,Mela,16.2,4.5,911.0,41.0,2.0,91.0,Women
1147,Gun,Joanna,15.9,3.0,1801.0,54.0,5.0,119.0,Women
1149,Rifle,Dominik,170.9,23.4,1941.0,454.0,10.0,129.0,Men
1158,Gun,Ela,16.0,7.0,1276.0,89.0,18.0,210.0,Women
1160,Gun,Niko,136.7,21.6,3585.0,773.0,21.0,269.0,Men
1161,Gun,Kuba_K,77.0,15.4,4620.0,712.0,33.0,402.0,Men
1162,Rifle,Antek,72.3,15.9,4646.0,737.0,41.0,447.0,Men
1164,Rifle,Adam,45.1,10.9,4465.0,488.0,41.0,438.0,Men
1165,Gun,Mateusz,37.0,11.8,3134.0,369.0,41.0,410.0,Men
1166,Gun,Patrycja,34.6,13.9,2628.0,366.0,50.0,450.0,Women
1167,Gun,Leon,29.8,8.0,3565.0,284.0,36.0,368.0,Men
1168,Rifle,Maja,25.9,12.5,1690.0,212.0,38.0,340.0,Women
1169,Gun,Ola,20.5,6.1,2464.0,151.0,26.0,274.0,Women
1170,Gun,Kuba_Sz,18.9,7.7,3202.0,246.0,57.0,500.0,Men
1171,Gun,Kamil,7.4,2.0,2968.0,59.0,25.0,277.0,Men
1172,Gun,Laura,2.0,1.0,2437.0,25.0,42.0,433.0,Women
1176,Gun,Żelek,52.3,22.1,1839.0,407.0,41.0,397.0,Men
1179,Gun,Franek,30.5,14.5,2114.0,306.0,61.0,460.0,Men
1183,Rifle,Piotr,79.1,22.5,1786.0,401.0,28.0,244.0,Men
1189,Gun,Mati,50.7,20.0,1140.0,228.0,21.0,209.0,Men
1198,Gun,Olga,92.7,19.8,1270.0,251.0,7.0,125.0,Women
1199,Gun,Ala,83.7,15.1,1430.0,216.0,10.0,111.0,Women
1200,Gun,Hania,56.3,4.6,1492.0,68.0,2.0,43.0,Women
1205,Gun,Marysia,27.9,3.1,1327.0,41.0,2.0,51.0,Women
1206,Gun,Nati,21.1,5.1,1421.0,73.0,13.0,126.0,Men
1210,Rifle,Kuba,92.1,18.8,3010.0,566.0,38.0,341.0,Men
1211,Gun,Krzysiek,92.1,15.2,3756.0,570.0,18.0,298.0,Men
1212,Rifle,Adam,75.2,16.5,2521.0,417.0,31.0,305.0,Men
1213,Gun,Paulina,53.6,11.8,1472.0,173.0,19.0,174.0,Women
1214,Rifle,Ola,51.5,11.6,2888.0,335.0,31.0,326.0,Women
1216,Gun,Beata,28.9,13.7,2322.0,318.0,72.0,575.0,Women
1217,Gun,Weronika,27.1,14.8,1544.0,228.0,49.0,429.0,Women
1218,Gun,Agata,23.4,10.0,1823.0,183.0,50.0,402.0,Women
1221,Gun,Ala,57.4,10.7,2717.0,292.0,15.0,205.0,Women
1225,Gun,Klara,21.3,5.8,1945.0,112.0,18.0,195.0,Women
1229,Rifle,Przemo,56.9,12.4,1552.0,193.0,8.0,140.0,Men
1233,Gun,Adi,42.7,11.0,2131.0,234.0,21.0,222.0,Men
1234,Gun,Ania,32.7,22.5,747.0,168.0,21.0,247.0,Women
1235,Gun,Zuza_Bejter,31.3,15.0,768.0,115.0,7.0,158.0,Women
1236,Rifle,Michał,28.3,20.8,684.0,142.0,24.0,236.0,Men
1238,Gun,Teresa,27.0,9.0,1340.0,121.0,9.0,175.0,Women
1239,Gun,Oliwia_Incognito,16.3,4.9,1321.0,65.0,9.0,145.0,Women
1241,Gun,Dominik,60.0,12.3,2347.0,289.0,11.0,199.0,Men
1242,Rifle,Kinga,41.2,10.2,1910.0,195.0,24.0,189.0,Women
1243,Rifle,Michał,36.6,14.7,1531.0,225.0,27.0,264.0,Men
1245,Rifle,Łukasz,194.8,23.4,868.0,203.0,7.0,86.0,Men
1246,Gun,Agata,42.1,9.3,699.0,65.0,18.0,144.0,Women
1247,Gun,Marzena,27.7,6.8,599.0,41.0,17.0,133.0,Women
1248,Gun,Monika,26.1,8.9,798.0,71.0,22.0,208.0,Women
1249,Rifle,Aneta,22.1,6.0,654.0,39.0,19.0,167.0,Women
1250,Gun,Marek,17.8,6.5,650.0,42.0,24.0,172.0,Men
1251,Gun,Paulina,13.3,5.9,356.0,21.0,12.0,112.0,Women
1252,Gun,Jola,64.9,12.3,724.0,89.0,6.0,80.0,Women
1253,Rifle,Cyryl,61.0,16.6,860.0,143.0,12.0,127.0,Men
1254,Gun,Klaudia,40.8,11.2,511.0,57.0,5.0,80.0,Women
1256,Rifle,Jan,25.7,9.5,1142.0,109.0,18.0,191.0,Men
1257,Rifle,Dawid,72.3,18.2,1768.0,321.0,30.0,273.0,Men
1260,Gun,Maniek,48.5,9.6,2542.0,244.0,32.0,235.0,Men
1261,Gun,Grzesiek,36.3,12.6,1733.0,219.0,44.0,299.0,Men
1262,Gun,Dominik,33.8,9.1,2110.0,193.0,35.0,272.0,Men
1264,Gun,Kuba,25.0,18.5,1165.0,215.0,71.0,470.0,Men
1265,Rifle,Szymon,78.0,15.5,6810.0,1058.0,49.0,591.0,Men
1266,Rifle,Krzysiek,59.8,11.1,8235.0,912.0,61.0,620.0,Men
1268,Rifle,Kuba,57.0,11.6,6466.0,749.0,33.0,539.0,Men
1269,Rifle,Antek,55.4,13.3,5561.0,740.0,47.0,563.0,Men
1270,Rifle,Michał,51.3,12.3,4136.0,509.0,34.0,411.0,Men
1273,Rifle,Franek,24.7,8.5,5229.0,444.0,84.0,699.0,Men
1274,Gun,Alex,18.2,4.6,4994.0,229.0,39.0,458.0,Men
1275,Gun,Natan,15.5,10.1,2682.0,270.0,80.0,697.0,Men
1276,Gun,Wojtek,7.0,7.0,1367.0,96.0,52.0,518.0,Men
1277,Gun,Franek,213.0,25.7,4891.0,1258.0,24.0,333.0,Men
1279,Rifle,Maciuś,97.8,25.3,2489.0,629.0,36.0,352.0,Men
1280,Gun,Ala,43.7,17.6,2642.0,465.0,78.0,617.0,Women
1282,Gun,Gosia,24.7,12.5,851.0,106.0,16.0,178.0,Women
1286,Gun,Filip,140.1,31.5,934.0,294.0,5.0,113.0,Men
1290,Gun,Antek,10.5,6.8,1092.0,74.0,28.0,267.0,Men
1293,Rifle,Kamil,49.9,20.5,1748.0,359.0,40.0,637.0,Men
1294,Gun,Przemek,48.0,16.6,2337.0,389.0,54.0,759.0,Men
1295,Gun,Daria,44.9,13.7,2277.0,313.0,40.0,895.0,Women
1296,Gun,Seba,41.5,12.5,2500.0,313.0,33.0,613.0,Men
1297,Rifle,Dawid_Wo.,39.4,16.2,1985.0,321.0,40.0,359.0,Men
1298,Rifle,Dawid_Wa.,35.8,13.3,3372.0,450.0,69.0,930.0,Men
1299,Gun,Ala,17.2,11.3,1386.0,156.0,54.0,570.0,Women
1304,Gun,Leon,43.4,13.6,2346.0,318.0,31.0,340.0,Men
1305,Gun,Tymon,43.4,9.4,4271.0,400.0,43.0,406.0,Men
1306,Gun,Michał,36.2,10.9,4499.0,489.0,82.0,697.0,Men
1307,Gun,Olek,32.2,7.2,3459.0,249.0,22.0,330.0,Men
1308,Gun,Mateusz,22.2,7.5,3319.0,248.0,60.0,565.0,Men
1309,Gun,Antek,14.8,8.1,2308.0,188.0,65.0,575.0,Men
1313,Rifle,Wicio,51.4,15.1,1658.0,250.0,39.0,294.0,Men
1318,Rifle,Oskar,32.1,10.5,1696.0,178.0,54.0,349.0,Men
1321,Gun,Olga,8.4,1.7,1028.0,17.0,17.0,147.0,Women
1322,Gun,Kuba_St.,181.5,22.5,2448.0,552.0,7.0,146.0,Men
1323,Rifle,Kuba_So.,132.9,23.1,4564.0,1053.0,32.0,385.0,Men
1324,Gun,Gabriel,127.5,14.3,5881.0,839.0,17.0,281.0,Men
1326,Gun,Filip,43.0,8.6,3291.0,284.0,19.0,257.0,Men
1327,Gun,Adam,29.2,21.3,2157.0,459.0,89.0,746.0,Men
1328,Gun,Tymek,19.7,6.2,5638.0,347.0,85.0,658.0,Men
1329,Rifle,Piotrek,16.5,12.1,1936.0,234.0,75.0,585.0,Men
1330,Gun,Franek,14.0,8.2,2228.0,182.0,47.0,505.0,Men
1331,Gun,Michał,9.9,9.9,1376.0,136.0,57.0,549.0,Men
1332,Gun,Ania,5.6,2.6,2310.0,60.0,40.0,377.0,Women
1334,Rifle,Artur,91.8,17.0,1750.0,298.0,7.0,144.0,Men
1335,Rifle,Marcin,72.9,14.4,1366.0,197.0,10.0,115.0,Men
1336,Gun,Marlena,21.2,13.8,978.0,135.0,25.0,270.0,Women
1338,Gun,Mariola,19.5,12.4,908.0,113.0,19.0,240.0,Women
1339,Rifle,Tomasz,84.9,25.6,2582.0,660.0,48.0,491.0,Men
1340,Rifle,Igor,58.7,18.9,1702.0,322.0,26.0,251.0,Men
1342,Rifle,Arek,36.1,12.2,1985.0,242.0,29.0,277.0,Men
1343,Rifle,Kubuś,27.6,15.7,1689.0,266.0,50.0,621.0,Men
1344,Rifle,Kacper,26.1,13.0,2338.0,305.0,52.0,489.0,Men
1348,Rifle,Adam,65.5,12.8,2666.0,341.0,17.0,217.0,Men
1349,Rifle,Dawid,62.1,19.1,1930.0,368.0,23.0,272.0,Men
1352,Rifle,Gaba,45.2,13.1,2655.0,348.0,37.0,323.0,Women
1354,Rifle,Michał,37.7,12.4,1998.0,248.0,25.0,273.0,Men
1356,Gun,Nina,36.2,11.3,1095.0,124.0,15.0,139.0,Women
1357,Gun,Maja_A.,29.3,15.6,1032.0,161.0,23.0,239.0,Women
1359,Rifle,Cezary,26.8,10.3,1792.0,184.0,23.0,275.0,Men
1361,Gun,Kornelia,14.8,7.4,1112.0,82.0,15.0,211.0,Women
1364,Gun,Maja_K.,3.4,2.7,703.0,19.0,14.0,195.0,Women
1372,Rifle,Adi,69.3,23.2,2996.0,694.0,66.0,578.0,Men
1373,Rifle,Jacek,61.5,24.3,1883.0,457.0,55.0,451.0,Men
1374,Rifle,Wojtek,55.5,22.5,2094.0,471.0,69.0,529.0,Men
1375,Gun,Albert,39.8,14.7,2739.0,404.0,60.0,545.0,Men
1376,Gun,Szymek,37.8,20.0,1844.0,369.0,64.0,544.0,Men
1377,Gun,Mateusz,33.4,14.5,1825.0,264.0,33.0,405.0,Men
1378,Gun,Damian,32.2,16.4,1697.0,279.0,38.0,431.0,Men
1379,Gun,Marcin,29.8,18.4,1408.0,259.0,58.0,485.0,Men
1380,Rifle,Piotrek,18.5,14.1,1471.0,207.0,72.0,609.0,Men
1381,Gun,Misiek,99.1,29.3,2441.0,714.0,33.0,380.0,Men
1382,Rifle,Przemek,66.0,32.9,2225.0,733.0,74.0,613.0,Men
1383,Rifle,Wojciech,65.5,15.7,4966.0,781.0,55.0,521.0,Men
1387,Gun,Aleksander,34.8,16.8,2683.0,452.0,70.0,577.0,Men
1391,Gun,Bartosz,138.5,30.1,3380.0,1019.0,35.0,392.0,Men
1392,Rifle,Adam,85.6,21.7,3021.0,657.0,27.0,366.0,Men
1393,Rifle,Paweł,75.6,15.5,3412.0,528.0,26.0,304.0,Men
1394,Gun,Patryk,70.5,14.3,4776.0,684.0,39.0,415.0,Men
1395,Gun,Kacper,69.1,17.0,3851.0,653.0,44.0,421.0,Men
1396,Gun,Maja,35.0,19.6,2172.0,425.0,52.0,563.0,Women
1397,Rifle,Szymon_K.,34.0,7.5,3608.0,272.0,25.0,306.0,Men
1398,Gun,Kamil,33.8,8.7,3847.0,333.0,38.0,385.0,Men
1399,Gun,Szymon_M.,32.5,9.0,2950.0,266.0,20.0,321.0,Men
1400,Gun,Weronika,26.8,6.7,2612.0,174.0,19.0,244.0,Women
1401,Gun,Amelia,24.7,13.0,2972.0,385.0,70.0,654.0,Women
1402,Gun,Aleksandra,24.6,8.9,4077.0,364.0,65.0,579.0,Women
1403,Gun,Dagmara,17.8,6.3,2942.0,184.0,33.0,386.0,Women
1404,Gun,Ala,11.2,9.8,1496.0,147.0,53.0,522.0,Women
1405,Gun,Martyna,10.3,2.8,3425.0,97.0,22.0,330.0,Women
1406,Gun,Dominik,59.5,20.9,1467.0,307.0,22.0,243.0,Men
1407,Gun,Artur,57.8,18.0,1938.0,348.0,29.0,272.0,Men
1408,Gun,Daria,55.7,16.4,1961.0,322.0,27.0,255.0,Women
1410,Rifle,Filip,55.0,16.0,1660.0,265.0,17.0,211.0,Men
1411,Gun,Aga,49.3,13.9,1694.0,236.0,22.0,203.0,Women
1412,Rifle,Karol,38.2,15.3,1088.0,166.0,18.0,188.0,Men
1414,Gun,Marta,33.4,15.3,1415.0,217.0,34.0,282.0,Women
1415,Gun,Marcin,32.6,12.4,1377.0,171.0,21.0,217.0,Men
1416,Gun,Seba,25.1,7.7,1957.0,150.0,25.0,229.0,Men
1417,Gun,Wojtek,21.7,8.3,1861.0,154.0,31.0,275.0,Men
