,Weapon,Name,Rating,Accuracy(%),Shot fired,Hits,Deaths,DMG_Get
0,Rifle,Wojtek,70.8,20.1,3509.0,704.0,40.0,464.0
1,Rifle,Emil,55.8,15.8,4771.0,753.0,54.0,591.0
2,Rifle,Adrian,47.6,16.7,3526.0,589.0,59.0,549.0
3,Rifle,Kinga,47.5,15.2,3184.0,484.0,42.0,442.0
4,Gun,Wiktoria,24.7,10.3,3481.0,359.0,66.0,583.0
5,Gun,Natalka,24.4,14.5,2365.0,343.0,68.0,603.0
6,Gun,Oliwier,73.9,14.9,2092.0,311.0,19.0,181.0
7,Rifle,Irek,65.1,12.5,890.0,111.0,4.0,70.0
8,Rifle,Grzegorz,46.1,22.7,1446.0,328.0,34.0,344.0
9,Rifle,Jakub,45.1,10.6,2165.0,229.0,16.0,204.0
10,Gun,Krystian,43.8,14.4,1484.0,213.0,17.0,208.0
11,Gun,Beata,31.1,12.3,1711.0,211.0,27.0,281.0
12,Gun,Marzena,19.7,7.3,1709.0,124.0,25.0,239.0
13,Gun,Niko,90.1,20.0,2923.0,585.0,23.0,302.0
14,Rifle,Kamil,74.2,19.7,2491.0,490.0,30.0,306.0
15,Gun,Stasiek,53.0,13.7,2198.0,302.0,18.0,241.0
16,Gun,Hanako,39.7,17.8,1878.0,335.0,42.0,380.0
17,Gun,Wojtek,29.8,5.9,3066.0,181.0,16.0,225.0
18,Gun,Jastrząb,28.9,10.9,2337.0,254.0,37.0,356.0
19,Gun,Max,22.4,7.4,2528.0,187.0,28.0,318.0
20,Gun,Biały,9.7,5.5,1334.0,74.0,32.0,280.0
21,Gun,Lorenzo,116.3,27.1,1781.0,482.0,57.0,398.0
22,Gun,Łukasz,77.5,23.9,1622.0,387.0,45.0,311.0
23,Rifle,Patryk_S,70.2,19.7,1580.0,311.0,53.0,367.0
24,Gun,Norbert,65.4,21.8,1674.0,365.0,50.0,362.0
25,Rifle,Michał,63.3,19.9,2683.0,534.0,65.0,608.0
26,Gun,Kacper_Rz,52.1,23.6,1164.0,275.0,46.0,312.0
27,Gun,Szymon,47.8,14.3,1496.0,214.0,45.0,305.0
28,Gun,Patryk_M,44.1,15.4,1612.0,248.0,73.0,478.0
29,Rifle,Maciej,40.8,17.7,1698.0,301.0,57.0,488.0
30,Gun,Antek,40.7,17.2,1343.0,231.0,50.0,313.0
31,Rifle,Kacper_J,30.5,20.5,1184.0,243.0,72.0,475.0
32,Gun,Kuba,25.5,14.8,1618.0,239.0,64.0,518.0
33,Gun,Lilka,20.2,13.2,1458.0,192.0,66.0,495.0
34,Gun,Kacper_Z,15.0,6.9,2342.0,162.0,85.0,650.0
35,Gun,Gruby,93.6,15.2,3990.0,607.0,25.0,281.0
36,Rifle,Tytus,70.2,17.5,2197.0,384.0,24.0,245.0
37,Gun,Zamaskowany,63.5,20.2,1851.0,373.0,20.0,274.0
38,Rifle,Dinozaur_Pimpuś,53.6,20.2,2415.0,488.0,42.0,425.0
39,Gun,Mario_Blazej,19.5,7.9,1581.0,125.0,19.0,247.0
40,Rifle,Feliks,18.4,10.0,1534.0,154.0,42.0,334.0
41,Rifle,Szymon_Cz.,16.6,10.0,818.0,82.0,15.0,197.0
42,Gun,Szymon,9.8,8.4,843.0,71.0,25.0,281.0
43,Gun,Ola,64.3,11.9,1785.0,212.0,9.0,135.0
44,Rifle,Radek,61.2,20.0,1579.0,316.0,22.0,240.0
45,Rifle,Tomek,55.5,28.0,846.0,237.0,18.0,221.0
46,Rifle,Rambo,52.1,16.5,1227.0,202.0,13.0,171.0
47,Gun,Ania,29.3,16.2,1170.0,189.0,31.0,284.0
48,Gun,Hosia,27.7,9.8,906.0,89.0,12.0,127.0
49,Gun,Zuzia,24.8,6.4,2053.0,131.0,18.0,198.0
50,Rifle,Wadimek,105.7,20.6,3241.0,667.0,35.0,356.0
51,Rifle,Mateusz,73.2,17.3,2449.0,424.0,41.0,397.0
52,Rifle,Daro,65.6,18.6,2494.0,465.0,42.0,395.0
53,Rifle,Adi,51.7,19.6,1943.0,380.0,43.0,412.0
54,Rifle,BigSim,26.1,11.7,1850.0,216.0,49.0,441.0
55,Rifle,Kacper,18.2,10.0,1943.0,194.0,67.0,498.0
56,Gun,Nikita,4.1,1.5,1807.0,28.0,32.0,282.0
57,Gun,Biała_Pantera,3.1,0.8,1997.0,16.0,19.0,209.0
58,Rifle,Marek,128.1,22.8,1121.0,256.0,21.0,162.0
59,Rifle,Dziki_Dzik,70.4,24.9,1419.0,354.0,72.0,472.0
60,Rifle,Nudziarz4,55.9,19.0,1101.0,209.0,45.0,315.0
61,Rifle,Dominik,46.2,23.9,683.0,163.0,51.0,341.0
62,Rifle,Zabójcza_Łasica,24.7,14.8,758.0,112.0,59.0,369.0
63,Rifle,100_Twarzy_Grzybiarzy,19.6,14.5,765.0,111.0,86.0,518.0
64,Rifle,Kubuś,18.2,13.9,423.0,59.0,52.0,317.0
65,Gun,Szymek,58.3,15.8,3220.0,509.0,36.0,382.0
66,Gun,Marek,58.2,19.3,3468.0,670.0,67.0,531.0
67,Gun,Adrian,53.6,26.1,1515.0,396.0,41.0,374.0
68,Gun,Kubik,48.0,12.8,3875.0,495.0,38.0,431.0
69,Rifle,Dawid_Ż,47.0,16.7,2140.0,357.0,35.0,337.0
70,Gun,Marcelo,38.2,22.4,1605.0,360.0,43.0,454.0
71,Gun,Borys,37.3,11.1,2171.0,241.0,15.0,262.0
72,Gun,Dawid_W,36.9,19.4,1656.0,321.0,36.0,402.0
73,Gun,Mateusz,34.9,12.2,2910.0,356.0,37.0,422.0
74,Gun,Miłosz,19.1,6.1,1896.0,116.0,14.0,226.0
75,Gun,Łukasz,107.6,26.3,1941.0,510.0,53.0,396.0
76,Gun,Arek,85.6,15.3,2646.0,405.0,38.0,301.0
77,Gun,Adrian_Sz,48.7,17.6,829.0,146.0,29.0,212.0
78,Rifle,Michał_K,31.3,13.0,1589.0,206.0,62.0,413.0
79,Gun,Adrian_T,25.6,12.1,1454.0,176.0,73.0,470.0
80,Gun,Michał_F,16.7,7.3,1370.0,100.0,47.0,366.0
81,Gun,Pan_Młody,13.8,8.8,1105.0,97.0,55.0,418.0
82,Rifle,Michał,39.8,22.1,1205.0,266.0,42.0,362.0
83,Rifle,Dawid,63.2,21.2,1766.0,374.0,38.0,340.0
84,Rifle,Krystian,41.2,12.7,2001.0,255.0,23.0,282.0
85,Rifle,Wojtek,33.6,9.7,2094.0,204.0,34.0,301.0
86,Gun,Rudy,112.6,27.3,1121.0,306.0,31.0,217.0
87,Gun,MD,92.8,22.1,2028.0,448.0,45.0,375.0
88,Rifle,Bartek,60.9,18.9,1442.0,273.0,33.0,295.0
89,Rifle,Kicha,59.4,25.4,819.0,208.0,38.0,283.0
90,Rifle,Piotr,49.2,14.0,1619.0,227.0,31.0,268.0
91,Rifle,Sebastian,47.3,15.3,1475.0,225.0,38.0,308.0
92,Gun,Sławomir,41.9,18.6,1299.0,242.0,38.0,323.0
93,Rifle,Samson,39.9,13.7,899.0,123.0,20.0,136.0
94,Gun,Kawaler,39.5,14.3,973.0,139.0,35.0,246.0
95,Gun,Baron,29.5,12.6,667.0,84.0,31.0,202.0
96,Gun,Marzec,28.6,15.4,855.0,132.0,33.0,290.0
97,Gun,Baryt,27.9,6.0,977.0,59.0,19.0,138.0
98,Rifle,Damiancio,27.7,16.5,938.0,155.0,49.0,307.0
99,Gun,Paweł,26.5,15.4,1075.0,166.0,60.0,404.0
100,Gun,Marek,14.5,7.7,1409.0,108.0,62.0,417.0
101,Rifle,Antek,141.1,22.8,3956.0,901.0,28.0,345.0
102,Rifle,Igor,103.8,20.1,3884.0,782.0,41.0,399.0
103,Rifle,Mariusz_K.,65.1,18.2,3352.0,611.0,50.0,504.0
104,Gun,Julia,46.5,14.6,2587.0,377.0,40.0,426.0
105,Rifle,Marius,42.5,14.4,3778.0,543.0,74.0,625.0
106,Gun,Edi,34.4,9.6,2629.0,253.0,32.0,333.0
107,Gun,Rychu,28.6,15.1,2137.0,322.0,61.0,595.0
108,Gun,Lucy,22.5,11.8,3056.0,361.0,112.0,768.0
109,Gun,Tomek,21.1,19.5,998.0,195.0,75.0,530.0
110,Rifle,Olaf,16.0,13.2,2298.0,304.0,118.0,934.0
111,Rifle,Michał,124.5,14.1,952.0,134.0,3.0,45.0
112,Rifle,Kuba,70.7,20.5,785.0,161.0,15.0,106.0
113,Rifle,Janusz,53.9,18.1,770.0,139.0,13.0,116.0
114,Rifle,Fusik,49.7,11.1,945.0,105.0,11.0,85.0
115,Rifle,Łukasz,32.0,10.6,830.0,88.0,17.0,110.0
116,Rifle,Rychu,28.5,9.5,935.0,89.0,18.0,123.0
117,Rifle,Tomek,25.6,11.6,844.0,98.0,26.0,156.0
118,Rifle,Mikołaj,20.2,9.5,811.0,77.0,29.0,150.0
119,Gun,Pieter,69.6,17.6,1178.0,207.0,15.0,133.0
120,Gun,Mateusz,59.7,12.7,2150.0,274.0,23.0,191.0
121,Rifle,Pan_Młody,47.4,14.7,2116.0,310.0,30.0,281.0
122,Rifle,Pietrunia,47.3,9.6,2691.0,257.0,26.0,215.0
123,Gun,Piter,45.3,8.6,3657.0,314.0,36.0,270.0
124,Rifle,Damian,41.3,15.4,1534.0,236.0,23.0,248.0
125,Gun,Marek,34.4,9.8,1922.0,189.0,25.0,218.0
126,Rifle,Rafał,32.6,11.4,2655.0,302.0,61.0,378.0
127,Gun,Wojtek,16.8,10.2,1096.0,112.0,33.0,267.0
128,Gun,Łukasz,85.6,18.9,1451.0,274.0,3.0,146.0
129,Rifle,Ciabat,79.8,20.5,1528.0,314.0,9.0,184.0
130,Gun,Morświn,73.8,25.1,1141.0,286.0,10.0,193.0
131,Gun,Wojtek,41.0,24.0,433.0,104.0,5.0,124.0
132,Rifle,Mateusz,37.2,12.9,1049.0,135.0,8.0,151.0
133,Rifle,Janek,33.3,15.1,920.0,139.0,11.0,180.0
134,Gun,Jerry,25.4,10.1,1510.0,153.0,13.0,240.0
135,Gun,Krzysiu,23.0,10.8,1256.0,136.0,17.0,239.0
136,Rifle,Adrian,19.6,15.0,468.0,70.0,10.0,154.0
137,Rifle,Wojtek,164.3,20.9,1332.0,278.0,3.0,79.0
138,Gun,Kuba,42.4,8.0,1282.0,103.0,5.0,93.0
139,Rifle,Mirek,21.8,16.0,681.0,109.0,28.0,219.0
140,Gun,Eryk,15.5,10.2,617.0,63.0,21.0,162.0
141,Rifle,Nakaye,72.5,21.9,1162.0,254.0,46.0,269.0
142,Rifle,Regame,57.2,17.9,1900.0,341.0,64.0,365.0
143,Rifle,Vensher,55.4,17.8,1702.0,303.0,58.0,336.0
144,Gun,Wolferek,50.0,23.8,1276.0,304.0,67.0,376.0
145,Rifle,Antek,49.7,22.1,1098.0,243.0,53.0,300.0
146,Rifle,Castarox,48.2,23.2,1006.0,233.0,54.0,325.0
147,Gun,Gringer,43.7,19.4,973.0,189.0,47.0,253.0
148,Rifle,Hoobor,33.7,13.3,1310.0,174.0,54.0,289.0
149,Rifle,HermanLee,20.7,11.0,811.0,89.0,36.0,216.0
150,Gun,Mermenna,16.1,6.8,1006.0,68.0,38.0,219.0
151,Rifle,Oliwier,51.1,16.3,1581.0,258.0,19.0,222.0
152,Gun,Magda,49.9,15.3,1838.0,282.0,30.0,245.0
153,Gun,Asia,39.1,13.3,1811.0,240.0,29.0,258.0
154,Rifle,Alex,35.6,18.5,1068.0,198.0,27.0,253.0
155,Gun,Majkel,89.6,26.4,1601.0,422.0,41.0,365.0
156,Gun,Homer,51.3,22.1,1351.0,298.0,67.0,536.0
157,Gun,Emilian,45.8,15.0,1130.0,169.0,27.0,255.0
158,Gun,Kuba,36.7,13.5,1210.0,163.0,41.0,331.0
159,Gun,Kamil,31.7,14.5,1086.0,157.0,48.0,374.0
160,Gun,Piotrek,19.5,9.5,1370.0,130.0,63.0,516.0
161,Gun,Kumalala,108.9,20.7,1979.0,409.0,10.0,176.0
162,Gun,Jojo,35.7,15.9,1211.0,192.0,23.0,235.0
163,Gun,Dr_Nic,17.3,3.6,1211.0,43.0,6.0,88.0
164,Gun,Zoja,12.1,5.0,1439.0,72.0,24.0,217.0
165,Gun,Killer,91.9,15.4,2903.0,447.0,14.0,211.0
166,Rifle,Piotrek,73.9,24.8,1539.0,381.0,25.0,256.0
167,Gun,Kika,70.6,28.5,1497.0,426.0,27.0,315.0
168,Gun,Mateuszek,69.8,16.1,2354.0,380.0,26.0,239.0
169,Gun,Janek,63.2,21.7,1340.0,291.0,21.0,219.0
170,Rifle,Adek,61.5,15.2,1525.0,232.0,13.0,163.0
171,Rifle,Tomek,51.6,18.5,1600.0,296.0,23.0,261.0
172,Gun,Wituś,47.7,17.2,1062.0,183.0,10.0,171.0
173,Gun,Michałek,41.0,13.4,1480.0,198.0,15.0,203.0
174,Gun,Oliwie,31.7,3.9,1920.0,75.0,7.0,84.0
175,Gun,Paulina,19.8,8.8,1279.0,112.0,25.0,221.0
176,Gun,Kasia,17.1,8.7,1184.0,103.0,24.0,235.0
177,Rifle,Walec,17.1,8.8,1264.0,111.0,28.0,254.0
178,Gun,Zosia,9.7,7.9,582.0,46.0,16.0,182.0
179,Gun,Justyna,9.7,5.0,1145.0,57.0,19.0,214.0
180,Gun,Agnieszka,8.9,3.4,1104.0,37.0,16.0,147.0
181,Gun,Krystian,72.4,13.2,2414.0,318.0,21.0,214.0
182,Rifle,Nędzuś,58.0,17.3,1940.0,335.0,35.0,294.0
183,Rifle,Przemek,57.5,16.6,1935.0,321.0,34.0,307.0
184,Gun,Kamil,45.8,21.0,1760.0,370.0,61.0,447.0
185,Gun,Tosia,31.7,16.5,1213.0,200.0,41.0,333.0
186,Rifle,Michał,31.6,16.2,1391.0,225.0,46.0,367.0
187,Rifle,Jarek,17.5,8.6,1020.0,88.0,30.0,261.0
188,Gun,Kamil,274.2,28.7,2820.0,810.0,8.0,154.0
189,Rifle,Szymon,209.9,21.8,3342.0,728.0,10.0,165.0
190,Gun,Robert,162.0,27.7,1772.0,491.0,9.0,156.0
191,Rifle,Oliwier,156.9,17.3,2695.0,465.0,11.0,132.0
192,Gun,Gabryś,118.3,17.7,2266.0,401.0,6.0,152.0
193,Rifle,Natalia,90.7,16.0,1702.0,272.0,7.0,131.0
194,Gun,Ula,17.6,13.4,1745.0,234.0,82.0,560.0
195,Gun,Ada,12.6,16.3,753.0,123.0,54.0,429.0
196,Gun,Karolina,12.6,8.5,2011.0,170.0,61.0,525.0
197,Gun,Amelia,9.4,12.1,1228.0,148.0,83.0,650.0
198,Gun,Krzyś,9.2,5.5,2135.0,118.0,51.0,474.0
199,Gun,Kalina,6.9,6.7,1439.0,97.0,67.0,529.0
200,Rifle,Martin,105.5,24.2,2275.0,550.0,45.0,389.0
201,Rifle,Karol,55.7,20.9,1448.0,303.0,47.0,388.0
202,Rifle,Oskar,62.6,15.6,1679.0,262.0,25.0,254.0
203,Rifle,Marek,33.9,12.6,2326.0,294.0,64.0,547.0
204,Gun,Jakub,30.4,12.0,1417.0,170.0,34.0,302.0
205,Gun,Mirek,30.1,11.1,1796.0,199.0,51.0,430.0
206,Gun,Mateusz,16.4,5.7,1356.0,77.0,19.0,221.0
207,Gun,Szymon,9.7,5.3,862.0,46.0,32.0,252.0
208,Gun,Mateusz,63.2,13.7,2733.0,375.0,29.0,281.0
209,Gun,Janek,62.7,16.0,2143.0,342.0,31.0,281.0
210,Gun,Henryk,28.5,9.5,2455.0,234.0,40.0,361.0
211,Gun,Karol,25.9,9.7,2633.0,256.0,51.0,434.0
212,Rifle,Patryk,134.3,17.0,2594.0,442.0,11.0,146.0
213,Rifle,Miłosz,36.2,16.1,1405.0,226.0,30.0,274.0
214,Gun,Ilona,20.5,9.6,985.0,95.0,18.0,183.0
215,Gun,Zuza,15.2,8.6,1204.0,103.0,29.0,263.0
216,Gun,Karol,108.6,30.7,3473.0,1066.0,47.0,527.0
217,Gun,Julka,103.8,30.4,3365.0,1023.0,47.0,527.0
218,Gun,Eliocina,63.4,19.8,4963.0,984.0,62.0,721.0
219,Gun,Kajo,56.0,21.3,6031.0,1287.0,119.0,1092.0
220,Gun,Miłosz,37.9,13.6,3385.0,462.0,43.0,516.0
221,Gun,Zosia,31.4,14.1,3598.0,508.0,69.0,691.0
222,Gun,Wiewiór,29.2,10.7,5706.0,608.0,95.0,841.0
223,Gun,Mikołaj,24.5,9.5,4730.0,449.0,69.0,727.0
224,Gun,Onozego,22.8,10.2,3912.0,398.0,68.0,701.0
225,Gun,Zuzia,8.8,5.2,2695.0,140.0,69.0,582.0
226,Gun,Michał,84.7,15.1,1577.0,238.0,15.0,193.0
227,Rifle,Rafail,80.0,10.6,1902.0,202.0,11.0,143.0
228,Rifle,Majkel,28.9,8.5,1554.0,132.0,34.0,291.0
229,Rifle,Żenie,12.8,6.3,1418.0,90.0,49.0,389.0
230,Gun,Przemek,106.6,20.9,3048.0,638.0,19.0,282.0
231,Rifle,Tomcio,55.9,22.2,1659.0,368.0,28.0,316.0
232,Rifle,Goryl,46.8,13.8,2893.0,399.0,30.0,362.0
233,Gun,Hubert,43.3,21.4,1230.0,263.0,23.0,288.0
234,Rifle,Bartek,42.8,14.2,2658.0,378.0,38.0,377.0
235,Rifle,Kevin,36.9,18.9,1532.0,289.0,35.0,359.0
236,Gun,Hydro,28.1,8.5,2678.0,227.0,29.0,314.0
237,Rifle,Kamil,25.7,13.4,1294.0,173.0,28.0,284.0
238,Gun,Prezes,23.7,7.3,3429.0,252.0,39.0,405.0
239,Rifle,Sabina,66.2,16.7,2713.0,454.0,68.0,304.0
240,Rifle,Jarek,66.1,17.8,1960.0,348.0,39.0,237.0
241,Gun,Orcyk,52.2,15.7,2092.0,329.0,40.0,275.0
242,Rifle,Kamil,37.8,14.2,1862.0,265.0,57.0,299.0
243,Gun,Wika,35.0,8.5,2270.0,193.0,36.0,214.0
244,Rifle,Daria,29.2,19.5,910.0,177.0,47.0,280.0
245,Rifle,Weronika,23.6,16.4,1106.0,181.0,67.0,338.0
246,Rifle,Tomek,79.5,23.5,876.0,206.0,15.0,126.0
247,Gun,Madzik,55.0,18.6,706.0,131.0,13.0,108.0
248,Gun,Iza,32.4,21.0,558.0,117.0,23.0,170.0
249,Gun,Ania,31.8,18.6,629.0,117.0,26.0,167.0
250,Gun,Tomek,73.4,24.2,1341.0,325.0,27.0,260.0
251,Rifle,Grzesiek,69.9,12.6,2169.0,273.0,24.0,222.0
252,Rifle,Stawuś,54.4,17.9,1826.0,327.0,27.0,277.0
253,Gun,Marcin,26.7,14.8,1260.0,187.0,36.0,332.0
254,Gun,Mroczny_N,20.5,10.3,767.0,79.0,26.0,154.0
255,Rifle,Mroczny_Cz,6.3,4.8,376.0,18.0,19.0,152.0
256,Gun,Sabina,65.0,18.4,1934.0,355.0,25.0,290.0
257,Gun,Amela,54.2,7.4,2673.0,197.0,13.0,174.0
258,Rifle,Mati,47.7,11.0,2528.0,279.0,32.0,309.0
259,Rifle,Kondzio,40.3,14.8,1769.0,262.0,35.0,334.0
260,Rifle,Mary,38.7,8.5,1696.0,145.0,17.0,175.0
261,Gun,Kamil,32.1,10.3,2523.0,259.0,42.0,347.0
262,Gun,Maciej,28.4,14.4,1715.0,247.0,49.0,427.0
263,Rifle,Bartek,77.5,14.7,2162.0,318.0,31.0,290.0
264,Gun,Konrad,65.8,18.9,1279.0,242.0,31.0,264.0
265,Rifle,Mirek,54.4,15.7,1316.0,206.0,31.0,279.0
266,Rifle,Zbyszek,50.4,16.6,1328.0,220.0,35.0,277.0
267,Rifle,Wojtek,44.8,19.6,1305.0,256.0,61.0,457.0
268,Gun,Przemek,43.7,15.5,930.0,144.0,25.0,221.0
269,Rifle,Piotrek,39.4,18.2,969.0,176.0,50.0,382.0
270,Gun,Dawid,35.3,13.3,1195.0,159.0,49.0,357.0
271,Gun,Seweryn,23.3,13.6,953.0,130.0,52.0,392.0
272,Gun,Arek,21.1,11.3,1097.0,124.0,50.0,395.0
273,Gun,Miłosz,79.0,17.8,1841.0,327.0,44.0,246.0
274,Gun,Rozpierdalacz_Systemu,77.7,25.8,1859.0,480.0,79.0,425.0
275,Gun,Przemek,39.1,20.3,868.0,176.0,56.0,282.0
276,Gun,Dr_Devil,38.5,14.6,1278.0,187.0,52.0,274.0
277,Rifle,Luca,27.6,10.7,1588.0,170.0,61.0,356.0
278,Rifle,Sam,27.0,20.6,630.0,130.0,47.0,292.0
279,Gun,Asia,22.8,13.6,697.0,95.0,43.0,248.0
280,Gun,Wojtek,93.5,35.9,655.0,235.0,9.0,143.0
281,Gun,Bartek,46.0,19.8,921.0,182.0,17.0,183.0
282,Gun,Damian,40.0,16.3,1046.0,171.0,18.0,188.0
283,Gun,Wiktoria,26.9,9.5,935.0,89.0,12.0,130.0
284,Gun,Aneta,20.8,3.8,1221.0,47.0,5.0,80.0
285,Gun,Bartek,84.7,17.6,618.0,109.0,9.0,99.0
286,Gun,Michał,49.9,9.9,755.0,75.0,14.0,119.0
287,Gun,Arek,31.8,6.7,864.0,58.0,11.0,98.0
288,Gun,Kacper,31.8,7.6,883.0,67.0,14.0,128.0
289,Gun,Wojtek,26.8,6.8,753.0,51.0,14.0,125.0
290,Gun,Mateusz,24.2,8.3,515.0,43.0,13.0,122.0
291,Gun,Dawid,137.2,23.8,1277.0,304.0,10.0,108.0
292,Gun,Igor,109.5,25.7,1890.0,486.0,16.0,223.0
293,Rifle,Bartek,44.9,14.5,1620.0,235.0,15.0,224.0
294,Gun,Irek,40.5,13.8,1293.0,178.0,17.0,186.0
295,Gun,Kacper,20.1,7.6,2015.0,153.0,24.0,292.0
296,Gun,Patryk,18.8,8.2,1496.0,123.0,24.0,253.0
297,Gun,Ewa,1.0,0.9,690.0,6.0,20.0,199.0
298,Rifle,Adi,99.1,21.4,6021.0,1286.0,55.0,617.0
299,Rifle,Wojtek,87.9,26.8,4130.0,1105.0,63.0,643.0
300,Gun,Sylwia,44.3,11.8,4371.0,516.0,41.0,479.0
301,Rifle,Szymon,43.2,14.7,2906.0,426.0,26.0,424.0
302,Gun,Milena,43.0,15.1,3201.0,482.0,41.0,485.0
303,Gun,Datka,41.0,14.8,3206.0,473.0,44.0,497.0
304,Gun,Judyta,39.2,14.2,3255.0,463.0,40.0,504.0
305,Gun,Kasia_M,38.1,14.8,3136.0,464.0,43.0,525.0
306,Gun,Julia,33.4,13.0,3307.0,429.0,47.0,539.0
307,Gun,Ola_K,30.8,14.0,2043.0,285.0,29.0,394.0
308,Gun,Oliwia,28.4,13.0,1865.0,243.0,28.0,358.0
309,Rifle,Kasia_Cz,22.9,10.1,3435.0,348.0,77.0,607.0
310,Gun,Ola_Z,19.9,6.8,2328.0,159.0,24.0,301.0
311,Gun,Paulina,15.4,7.6,2709.0,206.0,59.0,512.0
312,Gun,Wojtek,90.9,16.2,2341.0,379.0,10.0,183.0
313,Gun,Krzysiek,53.4,15.4,2132.0,328.0,31.0,267.0
314,Gun,Dawid,51.2,14.5,2351.0,342.0,30.0,286.0
315,Rifle,Łukasz,41.6,12.9,1779.0,229.0,23.0,230.0
316,Gun,Marcin,39.7,18.8,1203.0,226.0,28.0,260.0
317,Rifle,Grzegorz,38.7,14.9,1873.0,279.0,37.0,311.0
318,Rifle,Piotrek,30.5,14.4,1713.0,247.0,36.0,347.0
319,Gun,Tomek,15.9,7.2,1462.0,105.0,25.0,251.0
320,Rifle,Kacper,66.2,19.7,1634.0,322.0,20.0,225.0
321,Gun,Miki,58.4,17.4,1719.0,299.0,20.0,229.0
322,Gun,Agnieszka,28.0,9.0,1486.0,133.0,16.0,186.0
323,Gun,Tomek,19.3,8.6,1298.0,112.0,29.0,226.0
324,Gun,Maciek,70.4,19.7,984.0,194.0,7.0,127.0
325,Gun,Lena,57.5,10.2,1650.0,169.0,5.0,117.0
326,Gun,Robert,57.4,12.8,1568.0,200.0,15.0,145.0
327,Gun,Sawi,52.6,16.0,1340.0,215.0,11.0,179.0
328,Gun,Martyna,23.6,12.7,1079.0,137.0,29.0,242.0
329,Gun,Milena,17.9,10.1,850.0,86.0,14.0,191.0
330,Gun,Andrzej,129.5,23.5,4071.0,957.0,24.0,361.0
331,Gun,Antek,98.9,22.1,4255.0,940.0,45.0,456.0
332,Gun,Frania,82.7,29.4,2716.0,798.0,58.0,510.0
333,Gun,Kumalala,72.0,21.5,2606.0,559.0,35.0,369.0
334,Gun,Paweł,46.7,14.3,3611.0,515.0,58.0,472.0
335,Gun,Ameba,25.0,14.6,2135.0,311.0,61.0,534.0
336,Gun,Kuba,24.7,8.5,2972.0,254.0,39.0,400.0
337,Gun,Olek,7.8,4.1,1405.0,58.0,22.0,266.0
338,Gun,Emilka,7.2,4.9,1885.0,93.0,49.0,475.0
339,Gun,Antosia,7.1,4.9,1445.0,71.0,30.0,366.0
340,Gun,Pro_Adam,4.8,3.6,1506.0,54.0,43.0,401.0
341,Gun,Łukasz,140.2,38.4,1488.0,571.0,21.0,239.0
342,Gun,Leo,132.5,27.1,1847.0,500.0,21.0,193.0
343,Rifle,Mario,109.7,24.5,1561.0,382.0,14.0,172.0
344,Rifle,Kebab,105.8,25.6,2227.0,569.0,30.0,270.0
345,Gun,Niko,91.6,20.0,1896.0,379.0,14.0,192.0
346,Gun,Natan,78.6,21.2,2026.0,429.0,27.0,258.0
347,Rifle,Fala,53.0,15.9,2089.0,333.0,28.0,275.0
348,Rifle,Kacper,25.9,10.6,1366.0,145.0,21.0,225.0
349,Gun,Patryk,24.1,11.3,1015.0,115.0,16.0,194.0
350,Gun,Antoś,22.9,4.5,2570.0,116.0,18.0,183.0
351,Gun,Miki,21.4,8.5,1145.0,97.0,18.0,176.0
352,Rifle,Mati,19.0,8.7,1584.0,138.0,28.0,283.0
353,Rifle,Emilka,14.8,12.2,762.0,93.0,32.0,259.0
354,Gun,Maks,12.0,7.2,1022.0,74.0,25.0,234.0
355,Rifle,Miłosz,9.8,6.7,1056.0,71.0,36.0,274.0
356,Gun,Korneliusz,6.7,4.7,1404.0,66.0,40.0,358.0
357,Gun,Antoni,4.5,3.8,877.0,33.0,28.0,260.0
358,Gun,Szymi,1.0,0.2,852.0,2.0,6.0,68.0
359,Gun,Kubix,71.7,10.0,4213.0,421.0,19.0,234.0
360,Gun,Mikołaj,68.1,12.2,2367.0,289.0,11.0,175.0
361,Gun,Wojtek,67.5,23.9,619.0,148.0,13.0,107.0
362,Gun,Axel,50.4,15.5,2351.0,365.0,39.0,315.0
363,Gun,Piter,39.2,13.8,1863.0,258.0,29.0,279.0
364,Gun,Kajko,29.8,7.1,2023.0,144.0,15.0,183.0
365,Gun,Czternaście,24.0,5.0,1917.0,95.0,7.0,144.0
366,Gun,Kuba,21.4,6.5,1802.0,117.0,19.0,205.0
367,Gun,Czaszka,12.4,4.0,2548.0,103.0,32.0,298.0
368,Rifle,Anoop,75.6,12.6,1147.0,145.0,4.0,79.0
369,Rifle,Konrad,74.8,16.6,1259.0,209.0,9.0,123.0
370,Gun,Kasia,55.7,14.9,1472.0,219.0,17.0,169.0
371,Gun,Asia,34.2,17.9,811.0,145.0,25.0,191.0
372,Gun,Maja,30.9,11.0,944.0,104.0,11.0,136.0
373,Gun,Rico,21.3,5.8,1144.0,66.0,12.0,114.0
374,Gun,Rio,17.9,4.2,1801.0,76.0,9.0,152.0
375,Rifle,Arbuz,86.5,27.5,5422.0,1491.0,88.0,890.0
376,Rifle,Janek,57.5,22.7,3465.0,785.0,71.0,661.0
377,Rifle,Pączek,56.5,16.4,6746.0,1109.0,70.0,868.0
378,Rifle,Miałkurwa,51.9,14.4,7101.0,1022.0,73.0,844.0
379,Rifle,Adam,43.5,21.1,3716.0,785.0,94.0,855.0
380,Rifle,Smakołysz,42.0,22.9,3999.0,914.0,103.0,1056.0
381,Rifle,Sandra,19.9,7.5,5739.0,430.0,92.0,828.0
382,Rifle,Karol,16.3,5.9,7076.0,415.0,114.0,949.0
383,Rifle,Tosiu,77.0,20.2,1814.0,367.0,34.0,288.0
384,Rifle,Mikas,69.2,20.3,1821.0,369.0,45.0,321.0
385,Rifle,Gab,54.4,23.5,1501.0,353.0,69.0,425.0
386,Gun,Doktor,42.2,19.6,1268.0,249.0,42.0,333.0
387,Gun,Samil,25.6,11.3,1755.0,199.0,69.0,461.0
388,Gun,VecNine,22.6,12.1,1583.0,192.0,73.0,453.0
389,Gun,Patryk,62.7,15.4,1279.0,197.0,14.0,136.0
390,Gun,Bartek,53.5,17.5,902.0,158.0,17.0,132.0
391,Rifle,Filip,36.3,13.1,1294.0,170.0,33.0,196.0
392,Gun,Damian,24.9,11.0,891.0,98.0,26.0,159.0
393,Rifle,Marek,147.2,20.5,4193.0,861.0,24.0,274.0
394,Gun,Andrzej,60.6,8.0,3330.0,268.0,14.0,170.0
395,Rifle,Wiktor,18.3,4.6,3350.0,154.0,31.0,306.0
396,Gun,Karol,17.8,5.6,1581.0,89.0,20.0,184.0
397,Gun,Kuba,14.5,4.1,2834.0,117.0,32.0,291.0
398,Gun,Arseni,9.0,6.4,1314.0,84.0,38.0,348.0
399,Rifle,Alberto,65.7,25.0,1570.0,393.0,33.0,370.0
400,Rifle,Sebastian,63.2,19.1,1274.0,243.0,25.0,206.0
401,Rifle,Patrycja,39.8,14.4,1316.0,189.0,25.0,215.0
402,Gun,Ola,39.2,13.0,1951.0,253.0,36.0,324.0
403,Gun,Nora,19.7,8.1,1687.0,136.0,32.0,279.0
404,Rifle,Wiśnia,84.5,22.1,2344.0,517.0,46.0,359.0
405,Rifle,Sara,77.0,14.8,2583.0,383.0,22.0,244.0
406,Rifle,Patrycja,72.1,18.0,1873.0,337.0,38.0,271.0
407,Rifle,Klaudia_W.,46.2,12.8,1899.0,244.0,37.0,250.0
408,Rifle,Łukasz,36.4,15.4,1845.0,284.0,53.0,387.0
409,Rifle,Michał,35.8,15.2,1811.0,275.0,56.0,345.0
410,Rifle,Magda,32.8,15.2,1587.0,242.0,53.0,374.0
411,Rifle,Mariusz,25.5,11.1,1481.0,165.0,44.0,293.0
412,Rifle,Justyna,22.7,11.6,1080.0,125.0,32.0,285.0
413,Gun,Klaudia_Wi.,17.7,9.2,1369.0,126.0,47.0,304.0
414,Gun,Kuba,188.3,34.5,737.0,254.0,12.0,123.0
415,Gun,Adrian,28.5,11.4,622.0,71.0,32.0,239.0
416,Gun,Klaudia,24.7,13.6,287.0,39.0,20.0,174.0
417,Gun,Ola,11.7,4.3,440.0,19.0,10.0,106.0
418,Gun,Julka,7.9,5.0,456.0,23.0,22.0,178.0
419,Gun,Tomek,84.6,23.4,2240.0,524.0,40.0,356.0
420,Rifle,Adrian_S.,60.1,20.0,1909.0,381.0,50.0,397.0
421,Gun,Łukasz,50.9,17.7,2351.0,417.0,47.0,459.0
422,Gun,Michał,48.2,25.5,1333.0,340.0,52.0,444.0
423,Gun,Adrian_T.,36.9,11.8,1876.0,221.0,37.0,342.0
424,Gun,Piotrek,33.7,21.0,1300.0,273.0,67.0,503.0
425,Gun,Dawid,17.2,11.5,1303.0,150.0,69.0,513.0
426,Rifle,Rafał,70.3,18.8,2843.0,535.0,31.0,348.0
427,Gun,Sławek,66.3,12.7,3671.0,465.0,20.0,292.0
428,Rifle,Konrad,35.3,16.3,1593.0,259.0,30.0,323.0
429,Gun,Dawid,27.9,15.5,1250.0,194.0,30.0,303.0
430,Gun,Maciek,20.6,11.9,1578.0,187.0,46.0,374.0
431,Gun,Paweł_Kyc,87.3,18.0,1437.0,258.0,15.0,133.0
432,Gun,Grzesiek,80.8,14.4,2207.0,318.0,16.0,168.0
433,Rifle,Wiktor,53.7,18.9,1605.0,303.0,27.0,258.0
434,Gun,Paweł_C.,36.2,16.0,1491.0,238.0,47.0,288.0
435,Gun,Robert,26.4,18.8,989.0,186.0,41.0,322.0
436,Gun,Wojtek,19.1,7.3,1839.0,135.0,33.0,269.0
437,Rifle,Michał,78.3,20.4,1652.0,337.0,29.0,249.0
438,Gun,Przemo,77.5,21.7,1945.0,423.0,52.0,356.0
439,Rifle,Konrad,71.1,18.1,1891.0,343.0,32.0,272.0
440,Gun,Eryk,54.4,19.5,1551.0,302.0,43.0,328.0
441,Gun,Andrzej,49.7,14.0,1716.0,240.0,36.0,259.0
442,Gun,Hubert,48.9,14.6,2007.0,293.0,49.0,311.0
443,Rifle,Kibson,35.0,14.1,1797.0,254.0,60.0,393.0
444,Gun,Franek,33.2,16.0,1057.0,169.0,43.0,277.0
445,Gun,Agata,22.6,8.1,1439.0,116.0,35.0,264.0
446,Gun,Bartold,19.0,9.6,977.0,94.0,35.0,250.0
447,Gun,Arla,14.6,2.6,3465.0,89.0,31.0,225.0
448,Gun,Dominika,11.9,6.2,939.0,58.0,36.0,242.0
449,Rifle,Magda,124.1,15.3,4472.0,684.0,14.0,239.0
450,Rifle,Jasmin,98.0,8.8,2044.0,180.0,3.0,71.0
451,Gun,Wojtek,50.6,17.9,2111.0,378.0,35.0,337.0
452,Rifle,Marcin,42.6,13.0,2256.0,294.0,34.0,289.0
453,Gun,Emilka,39.4,10.6,3034.0,323.0,25.0,330.0
454,Gun,Jasiu,24.1,5.1,2745.0,141.0,13.0,214.0
455,Gun,Vanessa,16.4,5.1,1934.0,98.0,14.0,218.0
456,Gun,Julia_B.,14.0,2.3,3084.0,70.0,14.0,173.0
457,Gun,Ania,11.7,2.7,1612.0,44.0,8.0,131.0
458,Gun,Julia_Ch.,0.0,0.0,488.0,0.0,15.0,210.0
459,Rifle,Maciej,109.1,21.7,969.0,210.0,17.0,115.0
460,Rifle,Łukasz,58.9,17.1,1383.0,237.0,38.0,233.0
461,Gun,Dominik,40.1,9.6,1202.0,115.0,18.0,149.0
462,Gun,Agnieszka,20.2,11.3,934.0,106.0,52.0,297.0
463,Gun,Kacper,19.1,10.0,667.0,67.0,27.0,175.0
464,Gun,Michał,133.3,17.2,1471.0,253.0,4.0,84.0
465,Rifle,Paweł,57.4,19.2,1273.0,244.0,13.0,195.0
466,Rifle,Gracjan,44.1,13.1,1496.0,196.0,16.0,186.0
467,Rifle,Ryszard,35.5,11.2,1440.0,161.0,19.0,184.0
468,Gun,Oliwia,33.9,10.8,1752.0,189.0,23.0,225.0
469,Gun,Krystian,33.7,7.7,2003.0,155.0,21.0,176.0
470,Gun,Gabriela,20.2,7.2,848.0,61.0,9.0,114.0
471,Gun,Borzena,17.5,13.2,515.0,68.0,17.0,163.0
472,Rifle,Kuba,185.8,21.7,4148.0,902.0,26.0,285.0
473,Rifle,Julka,130.3,6.3,4980.0,316.0,10.0,114.0
474,Gun,Zuza,104.0,11.9,3188.0,378.0,16.0,197.0
475,Gun,Oliwia,33.8,9.6,1661.0,160.0,28.0,223.0
476,Gun,Janek,26.8,16.0,1633.0,261.0,67.0,529.0
477,Gun,Oliwier,14.6,7.3,2901.0,213.0,101.0,646.0
478,Gun,Oskar,9.9,7.6,1163.0,88.0,48.0,429.0
479,Gun,Mikołaj,8.0,4.9,1923.0,95.0,59.0,506.0
480,Rifle,Janek,158.1,26.4,1470.0,388.0,17.0,172.0
481,Rifle,Kazio,131.0,21.7,1551.0,337.0,22.0,194.0
482,Rifle,Grzesiek,85.8,17.2,1450.0,249.0,18.0,207.0
483,Rifle,Kuba,59.2,20.9,1491.0,312.0,49.0,440.0
484,Gun,Michał,53.3,21.4,1099.0,235.0,51.0,365.0
485,Rifle,Gabryś,46.1,20.2,1602.0,323.0,76.0,597.0
486,Gun,Wojtek,34.8,13.2,1306.0,172.0,41.0,339.0
487,Gun,Borys,11.1,10.2,696.0,71.0,45.0,375.0
488,Gun,Hubert,8.3,3.4,1629.0,56.0,60.0,516.0
489,Gun,Ksawery,3.3,3.1,937.0,29.0,60.0,557.0
490,Rifle,Gabryś,100.4,21.6,2812.0,606.0,20.0,287.0
491,Gun,Marcel,67.4,13.9,3377.0,470.0,26.0,296.0
492,Gun,Ksawery,35.3,12.7,1795.0,228.0,19.0,269.0
493,Gun,Magda,30.1,11.9,1931.0,230.0,36.0,314.0
494,Gun,Zofia,25.6,12.6,1661.0,210.0,32.0,342.0
495,Gun,Przemek,21.7,4.0,3550.0,143.0,16.0,236.0
496,Gun,Gośka,20.4,9.7,1557.0,151.0,28.0,294.0
497,Gun,Wiktor_S,221.8,29.1,1678.0,488.0,7.0,115.0
498,Rifle,Wiktor_C,47.0,21.1,1045.0,221.0,24.0,222.0
499,Gun,Nikodem,36.1,6.9,853.0,59.0,2.0,61.0
500,Gun,Kamil,27.3,8.1,1402.0,114.0,13.0,161.0
501,Gun,Lena,12.3,9.5,849.0,81.0,32.0,261.0
502,Gun,Iza,7.4,6.6,530.0,35.0,13.0,178.0
503,Gun,Niko,217.3,26.2,4416.0,1155.0,13.0,269.0
504,Gun,Papryka,95.9,19.0,4684.0,892.0,46.0,427.0
505,Gun,Lelka,62.1,12.2,3727.0,454.0,28.0,302.0
506,Gun,Natan,53.8,22.6,4395.0,994.0,108.0,894.0
507,Gun,Oliwier,51.4,14.7,2462.0,362.0,23.0,303.0
508,Gun,Tomek,49.7,15.1,2899.0,439.0,30.0,382.0
509,Gun,Naleśnik,24.1,10.4,2703.0,280.0,50.0,466.0
510,Gun,Lamusik,13.8,7.3,2734.0,199.0,47.0,549.0
511,Gun,Kebab,5.9,4.3,3316.0,141.0,111.0,857.0
512,Gun,Antek,4.5,2.6,2606.0,69.0,52.0,536.0
513,Rifle,Andrzej,77.1,16.5,3385.0,558.0,38.0,320.0
514,Rifle,Szymon,47.9,9.0,2779.0,251.0,18.0,205.0
515,Gun,Bartek,32.8,10.9,1729.0,188.0,18.0,232.0
516,Rifle,Franek,23.6,10.6,1540.0,163.0,24.0,278.0
517,Gun,Eryk,19.8,6.8,2018.0,138.0,31.0,263.0
518,Rifle,Szymon,83.8,22.6,3261.0,736.0,37.0,436.0
519,Gun,Hubert,67.3,11.5,3738.0,430.0,20.0,279.0
520,Gun,Lucjan,59.5,15.3,4515.0,689.0,47.0,563.0
521,Gun,Tymek,59.5,13.5,3263.0,440.0,31.0,348.0
522,Gun,Leo,45.3,14.5,3550.0,515.0,72.0,560.0
523,Gun,Ernest,38.2,14.2,2825.0,400.0,50.0,495.0
524,Gun,Tomek,25.2,11.8,2147.0,253.0,43.0,461.0
525,Gun,Oskar,21.3,7.4,3245.0,240.0,59.0,491.0
526,Gun,Filip,11.0,4.6,1976.0,90.0,42.0,344.0
527,Gun,Dziewczyny,10.6,6.4,1456.0,93.0,36.0,329.0
528,Rifle,Bochen,77.9,15.2,4294.0,654.0,26.0,364.0
529,Rifle,Patrol,69.6,17.8,3561.0,634.0,29.0,411.0
530,Rifle,Hubert,66.5,19.0,2833.0,538.0,29.0,371.0
531,Rifle,Marcin,43.3,12.9,3074.0,398.0,36.0,384.0
532,Rifle,Jarek,35.9,19.4,1635.0,317.0,45.0,408.0
533,Rifle,Mariusz,25.3,10.5,2977.0,314.0,41.0,499.0
534,Gun,Krzysztof,25.1,13.5,2221.0,299.0,64.0,504.0
535,Gun,Mateusz,21.4,8.4,3107.0,262.0,51.0,475.0
536,Rifle,Tomek,219.0,22.7,5655.0,1283.0,11.0,283.0
537,Rifle,Franek_P,92.1,14.1,5534.0,778.0,21.0,360.0
538,Gun,Olek,71.8,12.8,4250.0,542.0,15.0,315.0
539,Gun,Franek_Z,42.4,16.4,2224.0,365.0,31.0,380.0
540,Gun,Jasiek_T,28.4,11.6,3515.0,408.0,62.0,588.0
541,Gun,Kamil,22.2,11.7,3078.0,361.0,75.0,667.0
542,Gun,Nikodem,13.9,7.3,2950.0,214.0,71.0,587.0
543,Gun,Jasiek_K,13.3,6.2,4202.0,260.0,93.0,733.0
544,Gun,Wiktor,8.7,3.9,2464.0,95.0,24.0,393.0
545,Gun,Antek,63.7,14.6,4512.0,658.0,30.0,444.0
546,Rifle,Mówią_na_mnie_legenda,44.5,13.4,3125.0,419.0,27.0,397.0
547,Gun,Marcin,37.1,12.4,2582.0,319.0,25.0,357.0
548,Gun,Maciej,34.6,14.1,1543.0,217.0,17.0,267.0
549,Gun,Niezniszczalny,34.5,13.9,2979.0,415.0,48.0,511.0
550,Gun,Rafał,32.6,10.0,2331.0,234.0,15.0,286.0
551,Rifle,Miłosz,80.4,25.1,1834.0,461.0,39.0,358.0
552,Rifle,Szymon,75.3,19.1,1851.0,353.0,18.0,263.0
553,Rifle,Mati,50.2,22.3,1498.0,334.0,39.0,392.0
554,Rifle,Cegła,37.8,16.2,2095.0,339.0,51.0,491.0
555,Rifle,Bartek,32.5,15.8,1906.0,302.0,58.0,496.0
556,Rifle,Bolo,21.3,11.8,1530.0,180.0,45.0,407.0
557,Rifle,Szyszkizm,84.1,17.0,2159.0,367.0,10.0,194.0
558,Rifle,Knypek23,62.4,20.9,1697.0,354.0,20.0,267.0
559,Gun,Jan,46.3,9.9,4554.0,451.0,35.0,388.0
560,Gun,Józef24,40.9,20.0,1821.0,364.0,44.0,414.0
561,Gun,Emo,32.3,11.6,1965.0,228.0,33.0,289.0
562,Gun,Petardek,29.1,9.9,3035.0,300.0,28.0,410.0
563,Gun,Kinga,29.0,10.6,2490.0,263.0,32.0,365.0
564,Gun,Burgerek,65.4,32.0,1197.0,383.0,33.0,319.0
565,Rifle,Kebab,62.6,16.9,2106.0,355.0,25.0,252.0
566,Rifle,Julcix,55.8,11.3,1688.0,191.0,13.0,139.0
567,Rifle,Marmoladka,47.0,16.0,1168.0,187.0,15.0,174.0
568,Rifle,Wiadro,38.6,13.8,1345.0,186.0,19.0,204.0
569,Gun,Edzio,25.7,6.4,2402.0,153.0,25.0,223.0
570,Rifle,Mati99,24.9,10.7,2175.0,233.0,43.0,377.0
571,Rifle,Kuliby,77.1,24.8,1371.0,340.0,21.0,219.0
572,Rifle,Mariusz,63.6,22.9,1604.0,368.0,34.0,280.0
573,Rifle,Paweł,42.1,22.1,1234.0,273.0,45.0,311.0
574,Gun,Kajtek,34.2,17.2,953.0,164.0,19.0,214.0
575,Gun,Kacpi,16.3,8.6,1011.0,87.0,22.0,208.0
576,Rifle,Krystian,68.3,23.4,1734.0,406.0,49.0,422.0
577,Gun,Przemek_G,62.7,16.6,2535.0,421.0,34.0,339.0
578,Gun,Marcin,61.9,19.3,2025.0,390.0,44.0,416.0
579,Rifle,Przemek_Ł,54.7,12.9,2401.0,309.0,35.0,332.0
580,Gun,Tobiasz,36.4,15.2,1466.0,223.0,32.0,313.0
581,Rifle,Sławek,32.0,13.9,1278.0,178.0,39.0,374.0
582,Rifle,Rafał,26.9,18.9,1169.0,221.0,53.0,442.0
583,Gun,Michał,25.0,19.4,966.0,187.0,48.0,405.0
584,Gun,Marcin,83.4,12.1,2170.0,262.0,21.0,207.0
585,Rifle,Bartek,63.3,15.4,1607.0,247.0,24.0,247.0
586,Rifle,Kudłaty,47.2,18.2,1174.0,214.0,22.0,235.0
587,Gun,Ja,44.4,9.0,1752.0,158.0,24.0,235.0
588,Rifle,Grzesiek,34.7,8.2,1856.0,152.0,35.0,277.0
589,Gun,Piotr,33.4,9.4,1643.0,155.0,17.0,219.0
590,Rifle,Łysy,22.5,13.2,1232.0,163.0,49.0,394.0
591,Gun,Krzysiek,9.2,5.7,1309.0,74.0,51.0,431.0
592,Rifle,Tadek,67.0,12.5,3459.0,434.0,22.0,269.0
593,Gun,Dawid,64.1,17.3,3338.0,579.0,41.0,404.0
594,Rifle,Krzysiek_L,54.5,15.6,3814.0,596.0,48.0,477.0
595,Gun,Michał,47.5,6.3,4078.0,257.0,17.0,202.0
596,Rifle,Kacper,42.6,11.1,3775.0,418.0,39.0,399.0
597,Rifle,Kamil,37.5,9.4,2915.0,274.0,28.0,288.0
598,Gun,Artur,27.6,11.6,2095.0,243.0,34.0,360.0
599,Gun,Krzysiek_Z,27.2,7.3,2725.0,200.0,23.0,280.0
600,Gun,Paweł,24.6,7.0,2905.0,204.0,18.0,314.0
601,Rifle,Jarek,23.8,12.4,2307.0,286.0,60.0,498.0
602,Rifle,Dawid,73.6,20.5,1269.0,260.0,17.0,195.0
603,Rifle,Paweł_Ch,62.0,14.2,2810.0,400.0,39.0,365.0
604,Rifle,Maciula,60.2,21.8,1834.0,399.0,37.0,376.0
605,Gun,Kamil,56.0,11.8,2312.0,273.0,22.0,242.0
606,Rifle,Emil,46.8,14.0,2183.0,305.0,35.0,349.0
607,Rifle,Paweł_B,46.4,17.7,2135.0,377.0,57.0,486.0
608,Rifle,Krystian,40.3,18.3,1423.0,260.0,40.0,347.0
609,Rifle,Maciej,27.2,13.3,1333.0,177.0,40.0,352.0
610,Gun,Pan_Młody,21.1,9.9,1746.0,172.0,41.0,384.0
611,Rifle,Łukasz,17.5,5.2,2352.0,122.0,42.0,363.0
612,Rifle,Mateusz,68.9,15.5,3464.0,538.0,49.0,430.0
613,Gun,Rafał,48.9,14.7,1978.0,290.0,36.0,333.0
614,Rifle,Kacper,36.0,14.3,2203.0,314.0,37.0,421.0
615,Rifle,Karol,33.8,9.0,2629.0,237.0,34.0,323.0
616,Rifle,Kamil,33.6,12.0,2296.0,275.0,37.0,367.0
617,Rifle,Marcin,32.9,12.5,2250.0,281.0,37.0,397.0
618,Rifle,Nie_wiem,78.6,19.2,3345.0,641.0,41.0,375.0
619,Rifle,Call_me_Kubek,50.7,13.7,3989.0,548.0,50.0,458.0
620,Rifle,Smarcik,47.0,24.0,1995.0,479.0,56.0,502.0
621,Gun,Ciastko,41.9,18.5,2732.0,505.0,59.0,549.0
622,Gun,Ananas,37.0,16.6,2868.0,477.0,62.0,571.0
623,Rifle,Kuracjusz,28.2,15.9,2220.0,353.0,62.0,548.0
624,Gun,Maks,111.8,32.0,1730.0,554.0,56.0,474.0
625,Gun,Dominik,56.4,22.6,1753.0,396.0,86.0,657.0
626,Gun,Escobar,45.1,15.2,2309.0,351.0,69.0,625.0
627,Gun,Pazdan,41.1,17.5,2093.0,367.0,100.0,725.0
628,Rifle,Mariuszek,25.4,14.8,949.0,140.0,47.0,357.0
629,Gun,Śwagier,9.9,6.0,1342.0,81.0,69.0,527.0
630,Rifle,Tyś_Tyś,192.8,22.1,3516.0,778.0,11.0,193.0
631,Rifle,Pyzio,176.0,38.4,2748.0,1054.0,25.0,352.0
632,Rifle,Wojtek,141.2,16.9,4824.0,817.0,17.0,257.0
633,Rifle,Auto,102.4,15.3,4674.0,713.0,18.0,302.0
634,Rifle,Tata,74.1,19.5,2881.0,563.0,36.0,351.0
635,Rifle,Hubix,43.8,14.8,2860.0,422.0,39.0,415.0
636,Rifle,Parmanezo,30.9,9.1,2724.0,249.0,24.0,317.0
637,Gun,Hinata,21.7,8.9,3942.0,352.0,76.0,636.0
638,Gun,Kasztan,19.2,11.7,3464.0,407.0,106.0,873.0
639,Gun,Ola,10.4,6.9,3173.0,218.0,98.0,797.0
640,Gun,Emilka,10.2,8.0,2902.0,233.0,118.0,883.0
641,Gun,Dominika,4.4,1.2,5173.0,63.0,46.0,493.0
642,Gun,Herox248,54.7,14.6,3608.0,527.0,50.0,480.0
643,Rifle,Emmanuel,50.2,14.2,2442.0,347.0,39.0,385.0
644,Gun,Riderix,46.7,15.1,3705.0,558.0,72.0,590.0
645,Rifle,Mc_Antek6163,37.3,17.4,1486.0,259.0,30.0,359.0
646,Rifle,Czokletin,30.6,9.4,2783.0,261.0,44.0,415.0
647,Gun,Lumix,30.0,10.4,2205.0,229.0,43.0,402.0
648,Rifle,Paweł,151.1,22.4,3887.0,870.0,20.0,277.0
649,Gun,Karol,114.6,21.5,5126.0,1101.0,40.0,457.0
650,Gun,Oliwier,57.5,14.8,5667.0,836.0,54.0,627.0
651,Gun,Haker,49.2,12.0,5143.0,616.0,43.0,516.0
652,Gun,Drużyna_A,47.8,14.2,3809.0,539.0,54.0,482.0
653,Gun,Gaba,40.8,12.3,3046.0,376.0,38.0,382.0
654,Gun,Igor,35.9,8.0,3703.0,298.0,25.0,320.0
655,Gun,TeoSzef,26.4,7.4,4240.0,315.0,47.0,456.0
656,Gun,Leon,23.5,8.8,3787.0,332.0,62.0,553.0
657,Gun,Max,15.6,6.5,5032.0,326.0,97.0,787.0
658,Gun,Kserweryn,5.3,3.0,2149.0,65.0,45.0,435.0
659,Gun,Tymuś,3.2,1.9,2108.0,39.0,41.0,421.0
660,Rifle,Łukasz,67.0,14.6,1700.0,249.0,7.0,159.0
661,Rifle,Jasiek,59.6,22.1,1210.0,268.0,19.0,215.0
662,Rifle,Bartek,58.5,13.3,1936.0,258.0,12.0,185.0
663,Rifle,Łukster,55.1,12.1,1428.0,173.0,5.0,129.0
664,Rifle,Eddy,42.7,8.9,1953.0,174.0,12.0,159.0
665,Rifle,Kuba,33.2,14.6,989.0,144.0,15.0,186.0
666,Gun,Karolina,28.4,6.6,1890.0,124.0,8.0,164.0
667,Gun,Wojtek,26.0,15.8,1027.0,162.0,24.0,272.0
668,Rifle,Cwyro,24.0,7.5,1889.0,141.0,19.0,224.0
669,Rifle,Szymon,68.2,20.8,1548.0,322.0,27.0,270.0
670,Rifle,Konrad,67.9,26.7,1398.0,373.0,47.0,334.0
671,Gun,Stasek,60.4,26.3,1377.0,362.0,55.0,370.0
672,Gun,Marcin,57.0,22.2,1327.0,295.0,30.0,296.0
673,Gun,Michał,44.8,24.6,923.0,227.0,48.0,347.0
674,Gun,Wojtek,25.0,14.6,1126.0,164.0,44.0,348.0
675,Rifle,Kuba,18.9,15.8,751.0,119.0,56.0,341.0
676,Gun,Julia,108.8,27.1,1727.0,468.0,18.0,220.0
677,Rifle,Zuza,71.5,24.4,1617.0,395.0,27.0,273.0
678,Gun,Pola,71.3,21.8,1829.0,399.0,24.0,267.0
679,Gun,Nadia,55.3,9.8,2409.0,237.0,12.0,170.0
680,Gun,Laura,49.5,15.9,1273.0,203.0,9.0,179.0
681,Gun,Zuzia,27.5,8.7,1987.0,173.0,21.0,245.0
682,Gun,Zosia,24.8,12.3,1624.0,199.0,36.0,332.0
683,Gun,Milena,10.0,6.5,799.0,52.0,18.0,195.0
684,Gun,Ola,2.2,1.2,1439.0,17.0,23.0,262.0
685,Gun,Adrian,70.8,32.6,1378.0,449.0,33.0,348.0
686,Gun,Marek,54.3,18.7,3663.0,686.0,73.0,578.0
687,Gun,Szymon,47.6,13.9,3011.0,419.0,29.0,374.0
688,Gun,Miłosz,47.3,12.2,2702.0,330.0,21.0,288.0
689,Gun,Dawid,42.6,15.3,2412.0,368.0,35.0,375.0
690,Gun,Mateusz,41.2,18.9,2602.0,491.0,58.0,547.0
691,Gun,Marcel,33.6,13.4,2503.0,335.0,30.0,421.0
692,Gun,Kulix,27.2,10.5,2928.0,306.0,47.0,453.0
693,Rifle,Kuba_So,126.0,24.6,3343.0,821.0,24.0,323.0
694,Gun,Kuba_ST,107.6,16.0,2572.0,411.0,9.0,167.0
695,Rifle,Oliwier,89.5,15.3,4068.0,621.0,23.0,301.0
696,Gun,Gabriel,64.7,12.7,5006.0,636.0,39.0,410.0
697,Gun,Tymek,49.5,11.5,4999.0,573.0,39.0,474.0
698,Gun,Julon,37.0,6.0,4254.0,256.0,21.0,257.0
699,Rifle,Dorośli,29.8,8.8,3764.0,331.0,49.0,435.0
700,Gun,Adam_G,23.3,13.4,2580.0,347.0,73.0,628.0
701,Rifle,Piotr,16.0,11.9,1714.0,204.0,70.0,524.0
702,Gun,Ania,13.6,6.8,1887.0,129.0,35.0,359.0
703,Gun,Ada,13.0,2.6,2440.0,64.0,19.0,171.0
704,Gun,Michał,4.4,6.5,705.0,46.0,41.0,390.0
705,Gun,Jakub,94.8,21.6,1400.0,302.0,20.0,157.0
706,Rifle,Filip,36.1,16.7,833.0,139.0,31.0,200.0
707,Gun,Dominik,34.6,12.1,1668.0,202.0,47.0,325.0
708,Rifle,Kacper,25.6,14.8,803.0,119.0,36.0,254.0
709,Gun,Kacper,105.0,14.6,3949.0,578.0,22.0,236.0
710,Gun,Damian,40.3,11.1,2749.0,306.0,28.0,308.0
711,Gun,Bartek,39.8,13.9,2768.0,385.0,50.0,411.0
712,Gun,Krzysiek,30.1,8.4,2608.0,219.0,34.0,282.0
713,Gun,Mateusz,25.7,8.3,2275.0,189.0,36.0,285.0
714,Gun,Paweł,23.9,10.7,2112.0,225.0,52.0,380.0
715,Gun,Karol,71.4,25.0,2319.0,580.0,45.0,459.0
716,Rifle,Sandra,62.0,23.6,2655.0,627.0,53.0,543.0
717,Rifle,Łabałbał,58.3,20.8,2767.0,576.0,46.0,513.0
718,Rifle,Wojanek,43.8,23.2,2113.0,491.0,72.0,576.0
719,Gun,Misiek,43.5,12.9,2868.0,370.0,43.0,392.0
720,Gun,Olga,8.5,7.6,1426.0,108.0,62.0,509.0
721,Rifle,Zosia,81.1,14.8,3723.0,552.0,20.0,293.0
722,Gun,Paulusieniczuczka,65.0,14.3,2751.0,393.0,21.0,258.0
723,Gun,Dominika,53.1,14.7,1988.0,292.0,23.0,236.0
724,Gun,Zofia,42.1,9.9,1772.0,176.0,13.0,166.0
725,Gun,Szpaktylopa,39.1,10.8,1045.0,113.0,3.0,116.0
726,Rifle,Klara,38.4,8.8,3081.0,272.0,26.0,277.0
727,Rifle,Majusieniczuczka,29.8,13.9,1613.0,225.0,32.0,321.0
728,Gun,Laura,27.0,5.8,3160.0,183.0,22.0,251.0
729,Rifle,Gosia,23.4,5.8,1981.0,115.0,15.0,182.0
730,Rifle,Morderca,14.2,2.6,2467.0,63.0,7.0,155.0
731,Gun,Ola,12.7,4.1,1731.0,71.0,16.0,200.0
732,Rifle,Lolo,84.5,14.8,4862.0,720.0,25.0,367.0
733,Rifle,Prezes,68.7,15.8,4247.0,670.0,37.0,427.0
734,Gun,Bubi,66.7,12.4,3594.0,446.0,18.0,277.0
735,Gun,Ciapaty,62.2,20.9,2597.0,542.0,39.0,411.0
736,Rifle,Soto,59.4,26.0,2543.0,660.0,65.0,562.0
737,Rifle,Filip,47.1,15.3,3865.0,591.0,62.0,545.0
738,Gun,Łysiak,42.0,10.3,3658.0,376.0,27.0,359.0
739,Rifle,HypeButryn,36.1,14.5,2475.0,360.0,46.0,428.0
740,Gun,Emilka,22.4,9.3,2580.0,239.0,41.0,421.0
741,Rifle,Rzewny,21.4,15.5,1695.0,263.0,60.0,535.0
742,Gun,Darłak,13.6,11.0,1593.0,176.0,64.0,525.0
743,Gun,Szpara,11.7,4.9,1787.0,88.0,18.0,274.0
744,Gun,Kuba,124.1,32.1,3397.0,1091.0,41.0,480.0
745,Gun,Łukasz,54.9,14.3,5421.0,775.0,56.0,604.0
746,Gun,Filip,51.3,15.3,3897.0,595.0,52.0,504.0
747,Gun,Wojtek,48.2,12.0,6075.0,726.0,52.0,621.0
748,Gun,Dodek,43.1,17.1,3699.0,634.0,71.0,657.0
749,Gun,Waldemar,41.9,9.1,6320.0,576.0,59.0,541.0
750,Gun,Marlenka,32.4,14.1,4582.0,648.0,119.0,854.0
751,Gun,Kubuś,32.3,14.6,4165.0,608.0,97.0,810.0
752,Gun,Zuzia,28.8,10.0,4005.0,400.0,58.0,554.0
753,Gun,Kornelia,16.9,7.6,4419.0,336.0,102.0,764.0
754,Gun,Rambo,74.7,22.5,997.0,224.0,14.0,144.0
755,Rifle,Kuristto,67.2,20.8,2563.0,534.0,43.0,374.0
756,Gun,Pjoter,50.4,16.0,2954.0,472.0,50.0,411.0
757,Gun,Krzychu,49.5,17.4,2930.0,510.0,56.0,462.0
758,Rifle,Pablo,36.9,13.1,1954.0,255.0,29.0,290.0
759,Gun,Bartek,33.3,16.4,2007.0,329.0,42.0,436.0
760,Gun,Kacper,33.1,9.6,3210.0,308.0,41.0,369.0
761,Gun,Iza,28.1,14.4,2022.0,292.0,52.0,445.0
762,Gun,Alex,20.9,11.3,1826.0,207.0,55.0,404.0
763,Rifle,Bernard,98.0,16.3,4146.0,674.0,31.0,357.0
764,Gun,Martyna,52.5,13.6,2472.0,337.0,28.0,295.0
765,Gun,Krzysiek,50.3,9.5,4591.0,436.0,35.0,373.0
766,Gun,Przemek,41.1,14.1,2152.0,304.0,36.0,369.0
767,Rifle,Ola,31.3,13.9,2536.0,353.0,75.0,569.0
768,Rifle,Ala,19.9,11.8,1333.0,157.0,44.0,372.0
769,Gun,Aga,12.3,5.4,2122.0,114.0,37.0,382.0
770,Rifle,Damian,85.0,30.1,635.0,191.0,21.0,191.0
771,Rifle,Wrański,76.5,23.3,1472.0,343.0,40.0,368.0
772,Rifle,Jimmy,56.1,19.1,1114.0,213.0,36.0,312.0
773,Gun,Żyła,41.4,13.9,1692.0,236.0,58.0,440.0
774,Gun,Sajo,31.5,7.6,1015.0,77.0,16.0,159.0
775,Gun,Amelka,22.4,8.8,999.0,88.0,27.0,267.0
776,Gun,Ola,19.0,6.9,1087.0,75.0,31.0,269.0
777,Gun,Gabi,11.8,5.1,710.0,36.0,29.0,225.0
778,Rifle,Daniel,85.2,23.4,1237.0,289.0,16.0,165.0
779,Rifle,Igor,59.7,13.2,1746.0,231.0,20.0,162.0
780,Rifle,Franek,42.1,14.6,1150.0,168.0,26.0,171.0
781,Gun,Arek,18.5,8.8,990.0,87.0,20.0,183.0
782,Rifle,Wiktor,17.7,11.7,614.0,72.0,25.0,166.0
783,Rifle,Kubix,153.3,25.0,1838.0,460.0,10.0,149.0
784,Rifle,Mop19,68.0,12.4,2881.0,358.0,19.0,218.0
785,Rifle,Zero,47.9,24.7,734.0,181.0,19.0,187.0
786,Rifle,Max,45.8,14.8,1298.0,192.0,19.0,180.0
787,Gun,Kelo,32.2,9.6,1379.0,133.0,11.0,163.0
788,Gun,Tuja,30.8,8.7,1660.0,144.0,16.0,182.0
789,Rifle,Antosiewicz,27.8,17.4,585.0,102.0,14.0,164.0
790,Gun,Petrynix,27.8,12.3,1296.0,160.0,26.0,238.0
791,Gun,Szczotka,27.4,7.0,1897.0,132.0,15.0,182.0
792,Rifle,Antix,24.5,11.8,1529.0,180.0,32.0,302.0
793,Rifle,Oliwier,20.5,5.8,1662.0,96.0,12.0,173.0
794,Rifle,Major,83.9,18.4,1573.0,289.0,26.0,192.0
795,Rifle,Zbyszek,54.0,19.8,1214.0,240.0,46.0,272.0
796,Rifle,Tomek,51.4,20.5,1139.0,234.0,43.0,261.0
797,Gun,Kapral,51.3,22.8,1055.0,241.0,48.0,281.0
798,Gun,Sylwia,18.1,8.1,1017.0,82.0,44.0,258.0
799,Gun,Kasia,16.2,6.7,1235.0,83.0,42.0,259.0
800,Rifle,Damian,83.0,20.8,2829.0,589.0,40.0,400.0
801,Rifle,Czopek,50.3,16.9,2453.0,415.0,57.0,445.0
802,Gun,Panda,41.3,19.2,1655.0,318.0,48.0,408.0
803,Rifle,Kacper,39.9,17.3,2081.0,361.0,55.0,489.0
804,Gun,Olga,36.7,12.7,1690.0,215.0,38.0,352.0
805,Gun,Adam,32.1,16.8,1521.0,255.0,59.0,449.0
806,Gun,Zema,31.7,10.6,3315.0,352.0,63.0,538.0
807,Rifle,Damian,87.5,18.8,2731.0,513.0,19.0,268.0
808,Rifle,Amadeusz,54.5,21.6,1822.0,394.0,31.0,344.0
809,Rifle,Grzesiek,53.9,22.3,1621.0,362.0,26.0,323.0
810,Rifle,Wojtek,53.4,15.7,2083.0,327.0,17.0,267.0
811,Rifle,Aga,50.4,13.0,2809.0,365.0,32.0,303.0
812,Gun,Piotr,45.3,15.7,1883.0,296.0,22.0,285.0
813,Rifle,Justyna,37.8,12.3,3007.0,371.0,43.0,407.0
814,Gun,Edi,33.2,12.2,3135.0,381.0,52.0,475.0
815,Gun,Sylwia,22.9,8.8,2777.0,244.0,46.0,417.0
816,Gun,Magda,15.6,4.0,3127.0,126.0,30.0,290.0
817,Rifle,Sztywny,61.0,15.4,2351.0,361.0,80.0,521.0
818,Gun,Tomek,50.1,16.7,1490.0,249.0,57.0,340.0
819,Rifle,Graku,39.9,16.1,1599.0,258.0,71.0,386.0
820,Gun,Ernest,38.2,13.2,2091.0,275.0,91.0,542.0
821,Gun,Fronio,15.3,8.8,588.0,52.0,21.0,156.0
822,Gun,Marcinek,84.2,24.5,2493.0,612.0,42.0,360.0
823,Gun,Wika,80.1,15.1,3000.0,454.0,34.0,245.0
824,Rifle,Michał,63.4,17.3,1915.0,332.0,32.0,234.0
825,Rifle,Tomek,60.3,10.0,3183.0,318.0,24.0,210.0
826,Gun,Angela,31.6,5.7,3158.0,181.0,28.0,212.0
827,Gun,Piotrek,31.5,18.2,1193.0,217.0,39.0,312.0
828,Gun,Daria,27.6,12.8,1747.0,223.0,49.0,337.0
829,Gun,Ola,21.0,7.2,2043.0,148.0,27.0,268.0
830,Gun,Kasia,20.3,9.4,1116.0,105.0,30.0,204.0
831,Gun,Monika,9.3,4.5,1588.0,72.0,40.0,280.0
832,Rifle,Mati,59.7,23.4,474.0,111.0,10.0,90.0
833,Rifle,Sky_Walker,49.7,11.5,994.0,114.0,11.0,93.0
834,Gun,Cream_Castro,45.9,12.1,1017.0,123.0,19.0,110.0
835,Gun,Tutak,38.7,13.0,894.0,116.0,10.0,125.0
836,Gun,Natka,36.0,11.1,951.0,106.0,13.0,119.0
837,Gun,Pompa_Wodna,31.1,13.1,738.0,97.0,20.0,130.0
838,Rifle,Bóbr,92.7,23.0,954.0,219.0,8.0,114.0
839,Gun,Oliv,39.2,16.3,680.0,111.0,6.0,124.0
840,Gun,Julia,18.9,5.1,352.0,18.0,2.0,34.0
841,Gun,Niki,12.4,7.2,516.0,37.0,9.0,113.0
842,Gun,Dominik,70.6,23.0,1777.0,409.0,57.0,335.0
843,Rifle,Marcin,65.3,19.2,1384.0,266.0,40.0,259.0
844,Rifle,Karolina,54.3,12.6,1852.0,233.0,27.0,202.0
845,Rifle,Nic,52.6,17.9,1762.0,315.0,59.0,324.0
846,Rifle,Monika,19.7,9.8,1124.0,110.0,49.0,288.0
847,Gun,Bartek,15.0,10.6,1098.0,116.0,75.0,389.0
848,Gun,Ciapuś,107.5,17.3,4864.0,841.0,28.0,350.0
849,Gun,Anita,92.3,44.9,623.0,280.0,8.0,191.0
850,Gun,Borys,65.6,16.2,3932.0,638.0,43.0,428.0
851,Gun,Klara,56.7,16.3,1892.0,308.0,19.0,239.0
852,Gun,Yoko,45.9,9.8,1787.0,175.0,7.0,151.0
853,Gun,Ania,31.5,10.9,2819.0,307.0,39.0,395.0
854,Gun,Kalina,21.3,4.1,3318.0,135.0,14.0,228.0
855,Gun,Gabrysia,20.1,7.9,2368.0,186.0,41.0,356.0
856,Gun,Matylda,13.7,5.2,2614.0,135.0,31.0,362.0
857,Gun,Ala,6.8,3.6,2017.0,72.0,40.0,377.0
858,Rifle,Jan,66.7,16.9,3242.0,549.0,57.0,444.0
859,Rifle,Leon,57.9,17.9,3143.0,564.0,63.0,530.0
860,Rifle,Krystian,57.4,22.3,2485.0,553.0,82.0,523.0
861,Rifle,Max,53.0,15.1,3501.0,528.0,57.0,503.0
862,Rifle,Karol,44.9,16.9,2686.0,454.0,84.0,552.0
863,Rifle,Natan,42.3,15.2,3469.0,528.0,85.0,644.0
864,Rifle,Kacper,39.1,18.4,2151.0,395.0,70.0,526.0
865,Gun,Milan,33.9,13.0,3157.0,410.0,79.0,615.0
866,Rifle,Bartek,30.6,13.8,2676.0,370.0,86.0,585.0
867,Gun,Tymon,25.2,10.6,2837.0,300.0,82.0,551.0
868,Rifle,Kamil,111.3,23.1,2550.0,589.0,18.0,257.0
869,Gun,Patyczak,59.7,15.1,3532.0,532.0,33.0,386.0
870,Gun,Agnieszka,50.9,15.4,2705.0,417.0,40.0,356.0
871,Rifle,Patryk_B.,48.0,14.3,3343.0,479.0,42.0,427.0
872,Rifle,Kapuczek,48.0,16.1,2656.0,427.0,34.0,391.0
873,Rifle,Kuba,46.4,16.7,2014.0,336.0,32.0,321.0
874,Rifle,Daniel,40.0,14.4,3621.0,521.0,51.0,558.0
875,Rifle,Małysz,37.0,15.5,3116.0,484.0,56.0,570.0
876,Gun,Jajko,24.6,8.9,3968.0,352.0,57.0,561.0
877,Gun,Alan,14.6,6.8,2897.0,196.0,44.0,506.0
878,Rifle,Patryk,133.5,21.2,1275.0,270.0,9.0,131.0
879,Gun,Martyna,31.1,8.7,846.0,74.0,11.0,110.0
880,Gun,Agata,26.3,11.5,1104.0,127.0,28.0,263.0
881,Gun,Kamil,6.1,1.3,1440.0,19.0,12.0,142.0
882,Rifle,Piotrek,64.0,19.3,1673.0,323.0,22.0,232.0
883,Rifle,Luka,56.0,19.5,1583.0,308.0,21.0,254.0
884,Rifle,Sylwek,54.7,14.7,2020.0,297.0,26.0,233.0
885,Rifle,Michał,43.0,13.1,1797.0,235.0,22.0,229.0
886,Gun,Chrzanik,25.9,18.0,969.0,174.0,38.0,304.0
887,Gun,Stefan,25.8,8.7,1914.0,167.0,29.0,252.0
888,Gun,Aleks,112.9,24.2,4576.0,1109.0,32.0,485.0
889,Rifle,Snajper,45.1,13.3,3753.0,499.0,47.0,466.0
890,Gun,Marefub0,44.2,12.9,4506.0,581.0,52.0,550.0
891,Gun,Ciapuś,40.4,12.0,4579.0,549.0,48.0,560.0
892,Gun,Świerszczu,37.0,10.0,4176.0,418.0,36.0,451.0
893,Gun,Borowik,28.0,16.3,2403.0,391.0,67.0,616.0
894,Gun,Mateusz,26.3,7.8,4910.0,384.0,56.0,561.0
895,Gun,Śnieżka,12.0,5.2,2248.0,117.0,28.0,359.0
896,Rifle,Igor,114.8,22.8,1533.0,350.0,10.0,147.0
897,Rifle,Kuba,97.6,16.8,2324.0,390.0,13.0,177.0
898,Gun,Sajmon,66.9,15.0,1805.0,270.0,10.0,174.0
899,Rifle,Arek,49.7,11.0,1949.0,215.0,15.0,175.0
900,Rifle,Dawid,48.0,19.8,1472.0,291.0,24.0,281.0
901,Gun,Ania,41.9,9.0,3392.0,306.0,27.0,286.0
902,Gun,Katarzyna,25.6,7.4,1959.0,144.0,16.0,214.0
903,Gun,Mirek,21.4,12.6,1637.0,206.0,44.0,401.0
904,Gun,Grzegorz,15.6,5.9,1236.0,73.0,11.0,173.0
905,Gun,Bartosz,1.6,0.9,1197.0,11.0,15.0,228.0
906,Rifle,Kamil,67.6,17.2,3306.0,567.0,38.0,375.0
907,Rifle,Kuba,66.7,26.1,1470.0,384.0,34.0,291.0
908,Rifle,Kynek,65.9,19.4,2626.0,510.0,36.0,357.0
909,Gun,Globus,59.9,12.6,3725.0,469.0,23.0,326.0
910,Rifle,Kezcyb,43.1,17.9,2492.0,447.0,55.0,468.0
911,Rifle,Maks,41.9,14.2,3588.0,508.0,68.0,518.0
912,Rifle,Andy,35.1,13.6,2917.0,398.0,51.0,480.0
913,Gun,Jakub,23.1,8.8,2200.0,193.0,21.0,327.0
914,Gun,Andy_Junior,12.8,8.3,1988.0,165.0,56.0,499.0
915,Rifle,Gibki_Bongo,76.8,20.9,1454.0,304.0,34.0,228.0
916,Rifle,Fifonż,54.7,26.2,801.0,210.0,37.0,242.0
917,Rifle,Śliska_Salamandra,48.3,22.5,1544.0,348.0,88.0,503.0
918,Rifle,Prężny_Wąż,46.2,14.6,2221.0,324.0,68.0,379.0
919,Rifle,Wściekła_Łasica,34.0,15.8,499.0,79.0,20.0,143.0
920,Rifle,Kubuś_Terminator,11.6,10.5,526.0,55.0,48.0,293.0
921,Rifle,Krzysiek,115.0,19.5,1110.0,216.0,6.0,86.0
922,Gun,Maja,66.9,13.6,964.0,131.0,4.0,82.0
923,Gun,Agnieszka,35.2,7.4,2042.0,151.0,13.0,163.0
924,Gun,Martynka,3.2,2.5,685.0,17.0,22.0,184.0
925,Rifle,Wojciech,72.9,12.4,1368.0,170.0,12.0,96.0
926,Rifle,Paweł,70.5,15.9,1122.0,178.0,12.0,110.0
927,Gun,Dzióbek,22.8,6.2,1765.0,109.0,24.0,178.0
928,Gun,Asia,22.4,9.2,1060.0,97.0,21.0,170.0
929,Rifle,Willy,125.5,22.1,1217.0,269.0,4.0,102.0
930,Rifle,Root,97.2,15.8,717.0,113.0,3.0,50.0
931,Rifle,Black_Tiger,70.4,12.4,1383.0,171.0,4.0,100.0
932,Rifle,Pond,30.7,10.7,768.0,82.0,10.0,107.0
933,Gun,G,25.5,10.8,500.0,54.0,6.0,85.0
934,Rifle,KJ,16.3,11.2,760.0,85.0,26.0,212.0
935,Gun,Rafael,8.3,10.5,296.0,31.0,19.0,149.0
936,Rifle,Niko,104.4,22.4,1418.0,318.0,10.0,146.0
937,Rifle,Jay,63.8,20.5,1387.0,285.0,21.0,209.0
938,Rifle,Banes,36.2,18.6,1145.0,213.0,37.0,268.0
939,Rifle,Antonio,32.0,17.3,693.0,120.0,17.0,167.0
940,Rifle,Veronica,7.5,4.0,979.0,39.0,17.0,185.0
941,Rifle,Bizon,108.4,29.0,1086.0,315.0,18.0,194.0
942,Rifle,Marianek,38.8,13.3,1294.0,172.0,20.0,234.0
943,Gun,Gabriela,30.2,13.0,1088.0,141.0,27.0,249.0
944,Rifle,Dominika,26.9,12.6,1391.0,175.0,40.0,366.0
945,Rifle,Łukasz,83.9,19.3,1120.0,216.0,5.0,118.0
946,Rifle,Rafał,76.0,11.0,2849.0,314.0,14.0,167.0
947,Gun,Narzeczony_Roksany,41.4,10.8,2975.0,320.0,32.0,312.0
948,Gun,Aga,35.6,7.0,1491.0,105.0,12.0,111.0
949,Gun,Wąski,28.8,9.0,1991.0,180.0,25.0,245.0
950,Gun,Roksana,22.2,9.1,1314.0,119.0,21.0,210.0
951,Gun,Paulina,20.2,6.6,1614.0,106.0,22.0,197.0
952,Rifle,Terminator,92.9,28.7,2026.0,581.0,31.0,327.0
953,Rifle,Danaj,54.7,18.5,1969.0,364.0,27.0,303.0
954,Rifle,Marcelek,50.5,20.0,1599.0,320.0,32.0,295.0
955,Rifle,Placek,49.8,17.2,1745.0,301.0,31.0,270.0
956,Rifle,Eliminator,43.6,17.1,1366.0,233.0,18.0,238.0
957,Rifle,Gabriel,36.8,24.4,880.0,215.0,30.0,289.0
958,Gun,Marta,32.6,15.5,1234.0,191.0,30.0,255.0
959,Rifle,Kasztan,29.9,10.7,2153.0,231.0,28.0,312.0
960,Gun,Agatka,3.7,1.3,1365.0,18.0,15.0,165.0
961,Rifle,Radek,76.9,15.9,1976.0,315.0,41.0,287.0
962,Rifle,Arek,71.2,20.8,1343.0,279.0,37.0,244.0
963,Gun,Kuba,61.4,19.1,1589.0,304.0,48.0,329.0
964,Rifle,Paweł_W.,54.3,18.5,1830.0,339.0,67.0,368.0
965,Gun,Krystian,40.0,11.1,1857.0,206.0,40.0,299.0
966,Rifle,Paweł_A.,37.2,10.8,2164.0,234.0,52.0,320.0
967,Rifle,Kamil,23.8,14.8,1000.0,148.0,54.0,352.0
968,Rifle,Dawid,21.7,11.7,1087.0,127.0,39.0,300.0
969,Gun,Gorąca_18,20.4,9.0,1287.0,116.0,41.0,283.0
970,Rifle,Urko,78.7,17.7,3315.0,586.0,19.0,335.0
971,Rifle,Kuba,68.7,19.1,4322.0,825.0,51.0,552.0
972,Rifle,Marius,65.6,13.9,3660.0,508.0,25.0,329.0
973,Rifle,Dawid,60.5,19.7,2541.0,500.0,31.0,383.0
974,Rifle,Quinten,58.7,24.2,2933.0,711.0,65.0,598.0
975,Rifle,Sigi,47.4,13.2,2460.0,325.0,12.0,288.0
976,Gun,Felix,44.3,8.9,4685.0,415.0,32.0,367.0
977,Rifle,Bjorn,42.2,13.2,3488.0,460.0,50.0,458.0
978,Rifle,Driss,36.2,16.2,3176.0,513.0,75.0,625.0
979,Gun,Weronika,23.4,10.7,2991.0,321.0,59.0,553.0
980,Rifle,Natalia,13.7,8.3,1527.0,127.0,45.0,359.0
981,Rifle,Martyna,10.6,11.1,1415.0,157.0,75.0,601.0
982,Rifle,Nie_Wiem,97.8,25.8,3653.0,943.0,54.0,582.0
983,Rifle,Wiem,66.4,25.9,2595.0,673.0,58.0,596.0
984,Gun,Aleks,63.7,21.5,3034.0,653.0,53.0,578.0
985,Rifle,Xstation,53.8,21.2,2534.0,536.0,53.0,568.0
986,Gun,Ciapuś,50.2,16.2,4274.0,694.0,61.0,717.0
987,Gun,Marefup0,41.0,11.6,3178.0,369.0,38.0,453.0
988,Gun,Borowik69,35.5,18.4,2090.0,385.0,73.0,601.0
989,Rifle,Świerszczu,29.9,11.6,2948.0,343.0,70.0,614.0
990,Gun,Gaster,13.8,9.0,1828.0,165.0,61.0,553.0
991,Gun,Kubix_Pro2013,8.1,4.8,2352.0,112.0,62.0,589.0
992,Gun,Mateusz,74.5,27.3,1317.0,360.0,21.0,248.0
993,Gun,Rafał,60.9,17.3,2629.0,456.0,35.0,335.0
994,Gun,Sebix,50.0,15.3,2325.0,355.0,37.0,308.0
995,Rifle,Adrian,39.9,13.9,2732.0,381.0,59.0,406.0
996,Gun,Monia,31.4,8.4,2076.0,174.0,24.0,215.0
997,Gun,Jagoda,7.5,3.0,1955.0,58.0,30.0,272.0
998,Gun,Darulek,159.3,25.3,4483.0,1136.0,29.0,357.0
999,Rifle,Iwo,77.4,16.3,3703.0,602.0,36.0,343.0
1000,Gun,Zamek,61.4,13.3,2666.0,355.0,23.0,243.0
1001,Rifle,Komfort,61.1,18.7,3476.0,650.0,55.0,486.0
1002,Rifle,Stachu,60.3,17.4,2893.0,502.0,38.0,373.0
1003,Gun,Kuboxi,54.8,13.3,2552.0,339.0,15.0,260.0
1004,Gun,KP_Lord,47.1,22.2,2436.0,541.0,68.0,552.0
1005,Rifle,Loris,45.7,17.5,2753.0,481.0,59.0,473.0
1006,Gun,Szajni,43.1,11.5,2446.0,282.0,23.0,267.0
1007,Gun,Seba,25.9,13.8,1795.0,247.0,38.0,404.0
1008,Gun,Szymix,23.0,14.6,1484.0,216.0,51.0,404.0
1009,Rifle,Einstein,20.5,11.4,2013.0,230.0,45.0,458.0
1010,Gun,Karol,19.5,9.7,3065.0,298.0,77.0,607.0
1011,Gun,Pampers,10.2,5.3,2203.0,116.0,41.0,417.0
1012,Gun,Wiktor,8.8,5.4,2039.0,110.0,58.0,461.0
1013,Rifle,Karol,85.6,14.8,4343.0,642.0,20.0,323.0
1014,Gun,Kacper,57.2,13.3,2875.0,381.0,25.0,280.0
1015,Rifle,Bartek,55.6,13.8,3802.0,524.0,32.0,400.0
1016,Gun,Mateusz,55.6,10.9,2416.0,263.0,13.0,191.0
1017,Rifle,Filip,54.4,12.6,4017.0,507.0,35.0,388.0
1018,Rifle,Julia,46.0,10.0,1922.0,192.0,13.0,166.0
1019,Rifle,Piotrek,43.9,18.7,2236.0,418.0,38.0,435.0
1020,Rifle,Baran,42.5,14.6,2160.0,315.0,22.0,318.0
1021,Rifle,Janek,42.1,25.1,1763.0,442.0,55.0,525.0
1022,Rifle,Kari,37.8,12.8,3959.0,507.0,57.0,560.0
1023,Gun,Adam,14.7,9.4,2098.0,197.0,58.0,529.0
1024,Rifle,Kielar,14.0,10.8,1328.0,144.0,35.0,417.0
1025,Gun,Natalia,75.6,18.1,1538.0,278.0,14.0,166.0
1026,Rifle,Lowelas,71.4,12.1,1959.0,238.0,11.0,137.0
1027,Rifle,Wiktoria,44.7,17.4,1122.0,195.0,14.0,195.0
1028,Rifle,Klaudia,38.9,18.0,876.0,158.0,15.0,183.0
1029,Gun,Jowita,12.7,2.8,1053.0,30.0,4.0,82.0
1030,Rifle,Izka,6.6,2.4,1324.0,32.0,13.0,168.0
1031,Rifle,Adrian,107.3,24.3,1605.0,390.0,9.0,179.0
1032,Gun,Dawid,66.6,18.6,995.0,185.0,5.0,126.0
1033,Gun,Kacper,36.4,14.6,1207.0,176.0,13.0,207.0
1034,Rifle,Michał,34.7,26.0,584.0,152.0,18.0,221.0
1035,Gun,Mikołaj,30.4,20.6,719.0,148.0,23.0,228.0
1036,Gun,Kaja,19.0,10.6,762.0,81.0,13.0,171.0
1037,Gun,Winogrono_Czerwone,120.9,22.5,4668.0,1048.0,30.0,418.0
1038,Gun,Stara_rura,79.6,19.8,4646.0,920.0,54.0,537.0
1039,Gun,Szymek,53.6,14.6,2654.0,387.0,21.0,310.0
1040,Gun,Scieki,43.9,13.2,2802.0,371.0,36.0,355.0
1041,Gun,Winogrono_Zielone,38.7,9.0,4376.0,396.0,30.0,401.0
1042,Gun,Alan,25.6,12.0,2368.0,283.0,48.0,456.0
1043,Gun,Jagoda,24.6,7.4,4404.0,325.0,56.0,504.0
1044,Gun,Maja,24.5,13.0,2181.0,284.0,61.0,485.0
1045,Gun,Olek,19.6,8.1,2089.0,169.0,34.0,333.0
1046,Gun,Ala,3.9,3.2,1477.0,48.0,43.0,432.0
1047,Rifle,Rafał,101.7,12.0,2577.0,310.0,9.0,125.0
1048,Rifle,Darek,71.9,14.3,1528.0,218.0,7.0,129.0
1049,Gun,Ania,22.8,8.0,1980.0,159.0,34.0,269.0
1050,Gun,Kasia,14.1,7.8,1220.0,95.0,27.0,259.0
1051,Rifle,Natalia_Cz,547.4,46.6,365.0,170.0,0.0,19.0
1052,Gun,Nikodem,143.9,24.2,1325.0,320.0,7.0,109.0
1053,Rifle,Miłosz,117.8,29.1,851.0,248.0,12.0,110.0
1054,Rifle,Natalia_N,91.3,34.2,523.0,179.0,11.0,109.0
1055,Gun,Ania,34.0,10.2,706.0,72.0,8.0,84.0
1056,Gun,Zosia,33.5,11.6,1936.0,224.0,30.0,274.0
1057,Gun,Asia,12.7,3.5,1412.0,49.0,14.0,137.0
1058,Gun,Ania,6.7,2.5,630.0,16.0,4.0,83.0
1059,Gun,Amelka,5.3,8.2,355.0,29.0,29.0,210.0
1060,Gun,Julka,2.0,0.9,1219.0,11.0,16.0,183.0
1061,Rifle,Przemo,71.8,20.9,2307.0,483.0,55.0,419.0
1062,Rifle,Kuba,54.0,18.0,1740.0,313.0,39.0,328.0
1063,Rifle,Alek,53.9,20.7,2194.0,454.0,85.0,558.0
1064,Rifle,Mariusz,32.3,12.4,1992.0,248.0,55.0,438.0
1065,Rifle,Filip,29.6,10.9,2108.0,229.0,49.0,391.0
1066,Rifle,Igor,23.6,8.2,2321.0,190.0,62.0,383.0
1067,Rifle,Oskar,106.5,24.2,3933.0,952.0,45.0,441.0
1068,Gun,Kukoxi,67.7,20.0,2915.0,583.0,48.0,401.0
1069,Rifle,Tomek,63.8,18.0,3309.0,595.0,49.0,422.0
1070,Gun,Niko,63.5,16.9,4097.0,692.0,60.0,485.0
1071,Rifle,Leon,48.2,15.3,3427.0,524.0,57.0,472.0
1072,Gun,Aleksander,47.3,18.1,2431.0,441.0,54.0,422.0
1073,Gun,Jeri,33.7,10.3,4416.0,455.0,69.0,542.0
1074,Gun,Klaudia,32.2,13.2,2504.0,331.0,43.0,432.0
1075,Gun,Kuba_D,26.3,15.4,1587.0,244.0,50.0,404.0
1076,Gun,Radek,15.2,6.1,2388.0,145.0,50.0,355.0
1077,Gun,Michał,14.9,8.7,2001.0,174.0,51.0,455.0
1078,Gun,Eryk,14.4,7.1,2638.0,186.0,63.0,491.0
1079,Rifle,Tomek_W,106.4,16.9,1467.0,248.0,34.0,253.0
1080,Rifle,Tomek_P,62.7,17.7,1129.0,200.0,37.0,275.0
1081,Gun,Piotrek,61.7,12.2,1048.0,128.0,26.0,199.0
1082,Gun,Paweł,30.2,9.0,1067.0,96.0,38.0,286.0
1083,Rifle,Szymek,28.6,14.2,795.0,113.0,54.0,372.0
1084,Gun,Michał,17.9,9.6,669.0,64.0,39.0,243.0
1085,Gun,Seweryn,16.6,7.8,834.0,65.0,39.0,264.0
1086,Rifle,Michał,78.1,30.4,1218.0,370.0,28.0,253.0
1087,Rifle,Łukasz,77.5,23.6,1593.0,376.0,24.0,237.0
1088,Rifle,Maciej,44.6,15.2,1352.0,205.0,20.0,199.0
1089,Rifle,Miłosz,39.7,15.3,1302.0,199.0,22.0,217.0
1090,Gun,Aga,24.7,10.1,1347.0,136.0,25.0,220.0
1091,Gun,Kornel,19.1,10.0,1477.0,147.0,35.0,307.0
1092,Rifle,Kokosik,68.0,14.7,2476.0,364.0,39.0,356.0
1093,Gun,Maka_paka,63.4,22.5,2709.0,610.0,79.0,644.0
1094,Gun,Janek,46.1,19.6,2119.0,416.0,65.0,544.0
1095,Gun,Niko,42.7,19.7,2257.0,444.0,89.0,686.0
1096,Rifle,Glizda,38.2,19.8,1910.0,378.0,124.0,909.0
1097,Gun,Kacper,26.3,11.2,2598.0,290.0,98.0,797.0
1098,Rifle,Krzyś,69.3,9.2,5345.0,490.0,12.0,278.0
1099,Rifle,Antek,62.6,10.9,3848.0,421.0,24.0,272.0
1100,Rifle,Hubert,46.3,15.4,2696.0,414.0,40.0,389.0
1101,Gun,Olaf,35.5,11.6,3205.0,373.0,38.0,430.0
1102,Rifle,Szymon,34.7,11.5,3610.0,416.0,56.0,490.0
1103,Gun,Filip,34.0,25.3,1089.0,275.0,44.0,405.0
1104,Rifle,Emilia,31.4,7.8,3747.0,293.0,32.0,359.0
1105,Rifle,Michał,30.1,6.7,3476.0,234.0,24.0,293.0
1106,Rifle,Knydelek,70.2,16.1,2675.0,432.0,26.0,312.0
1107,Rifle,Pypcio,47.6,14.1,2201.0,311.0,35.0,332.0
1108,Rifle,Menelica,36.9,12.8,3405.0,437.0,63.0,561.0
1109,Rifle,Lesernica,17.7,9.7,1147.0,111.0,35.0,296.0
1110,Gun,Mateusz,124.2,29.4,2343.0,690.0,22.0,293.0
1111,Gun,Janek_H,62.9,13.3,2712.0,362.0,22.0,242.0
1112,Gun,Franek,54.4,15.0,2990.0,448.0,24.0,356.0
1113,Rifle,Sebastian,42.7,14.7,3888.0,573.0,61.0,578.0
1114,Gun,Dawid,36.0,13.0,1518.0,197.0,7.0,229.0
1115,Rifle,Szymon,32.8,13.3,2697.0,359.0,59.0,461.0
1116,Gun,Tomek,32.8,13.8,2235.0,308.0,47.0,398.0
1117,Gun,Michał,32.6,11.1,2634.0,293.0,36.0,365.0
1118,Gun,Janek_P,28.5,10.0,2455.0,246.0,29.0,344.0
1119,Gun,Alan,28.0,7.0,3280.0,229.0,26.0,310.0
1120,Gun,Kacper,18.1,7.7,1491.0,115.0,16.0,244.0
1121,Rifle,Radomir,74.9,22.6,2759.0,624.0,51.0,468.0
1122,Gun,James,64.2,25.7,2335.0,599.0,67.0,560.0
1123,Rifle,Kuba,56.3,23.2,1874.0,435.0,52.0,460.0
1124,Gun,Kamil,49.7,21.2,2099.0,445.0,52.0,478.0
1125,Rifle,Agnieszka,48.6,20.2,1702.0,344.0,35.0,372.0
1126,Rifle,Krzysiek,46.8,13.2,2578.0,340.0,48.0,395.0
1127,Rifle,Karol,39.8,21.6,1849.0,400.0,67.0,563.0
1128,Rifle,Darek,39.1,16.2,2284.0,371.0,50.0,466.0
1129,Gun,Magda,36.9,14.4,2080.0,300.0,46.0,408.0
1130,Gun,Gośka,36.7,21.2,1696.0,359.0,77.0,589.0
1131,Gun,Kacper,34.6,14.2,2170.0,309.0,49.0,453.0
1132,Gun,Ala,30.8,16.4,1834.0,301.0,61.0,509.0
1133,Rifle,Pudzian,90.5,15.0,1906.0,286.0,12.0,136.0
1134,Gun,Misiek,74.5,14.5,1521.0,220.0,6.0,126.0
1135,Gun,Kordian,53.0,11.8,1673.0,197.0,7.0,152.0
1136,Gun,Hania,52.2,18.5,1088.0,201.0,18.0,175.0
1137,Gun,Mila,50.3,10.0,731.0,73.0,3.0,57.0
1138,Gun,Kasix,47.6,5.1,1615.0,83.0,4.0,63.0
1139,Gun,Igor,47.4,10.4,768.0,80.0,0.0,67.0
1140,Gun,Parotka,40.1,11.3,1306.0,148.0,12.0,150.0
1141,Rifle,Szarus,38.1,11.2,1775.0,198.0,22.0,211.0
1142,Gun,Kacper,27.3,7.4,1975.0,147.0,22.0,205.0
1143,Gun,Lena,27.3,5.5,2239.0,124.0,11.0,167.0
1144,Gun,Kali,24.0,5.7,1090.0,62.0,5.0,95.0
1145,Rifle,Karasin,20.6,8.9,1265.0,112.0,26.0,212.0
1146,Gun,Mela,16.2,4.5,911.0,41.0,2.0,91.0
1147,Gun,Joanna,15.9,3.0,1801.0,54.0,5.0,119.0
1148,Gun,Żyd,184.1,23.6,1608.0,379.0,6.0,100.0
1149,Rifle,Dominik,170.9,23.4,1941.0,454.0,10.0,129.0
1150,Gun,Smoczy_Jeździec,67.0,6.8,2144.0,145.0,7.0,81.0
1151,Gun,Niszczyciel,50.0,14.5,1678.0,244.0,23.0,209.0
1152,Gun,Mr_Kaczuszka,33.7,16.3,1416.0,231.0,38.0,302.0
1153,Gun,Mina,27.7,11.0,1524.0,167.0,31.0,244.0
1154,Gun,Koteł,18.9,6.3,1657.0,105.0,16.0,208.0
1155,Gun,Ida,18.6,7.1,1248.0,88.0,18.0,179.0
1156,Gun,Blender,18.4,3.5,2155.0,75.0,12.0,144.0
1157,Gun,Żaba,17.3,7.5,1461.0,109.0,23.0,241.0
1158,Gun,Ela,16.0,7.0,1276.0,89.0,18.0,210.0
1159,Gun,Kitka,10.0,2.6,617.0,16.0,1.0,55.0
1160,Gun,Niko,136.7,21.6,3585.0,773.0,21.0,269.0
1161,Gun,Kuba_K,77.0,15.4,4620.0,712.0,33.0,402.0
1162,Rifle,Antek,72.3,15.9,4646.0,737.0,41.0,447.0
1163,Rifle,Lena,64.4,20.2,2415.0,487.0,32.0,353.0
1164,Rifle,Adam,45.1,10.9,4465.0,488.0,41.0,438.0
1165,Gun,Mateusz,37.0,11.8,3134.0,369.0,41.0,410.0
1166,Gun,Patrycja,34.6,13.9,2628.0,366.0,50.0,450.0
1167,Gun,Leon,29.8,8.0,3565.0,284.0,36.0,368.0
1168,Rifle,Maja,25.9,12.5,1690.0,212.0,38.0,340.0
1169,Gun,Ola,20.5,6.1,2464.0,151.0,26.0,274.0
1170,Gun,Kuba_Sz,18.9,7.7,3202.0,246.0,57.0,500.0
1171,Gun,Kamil,7.4,2.0,2968.0,59.0,25.0,277.0
1172,Gun,Laura,2.0,1.0,2437.0,25.0,42.0,433.0
1173,Gun,OP_PRO_USA,101.7,18.7,3810.0,713.0,31.0,374.0
1174,Gun,Grzybek,59.8,19.5,1477.0,288.0,24.0,270.0
1175,Gun,Nakti,59.0,16.5,1749.0,289.0,27.0,246.0
1176,Gun,Żelek,52.3,22.1,1839.0,407.0,41.0,397.0
1177,Gun,Bobo,50.8,11.8,3370.0,396.0,37.0,368.0
1178,Gun,ARTZ,49.9,15.2,2561.0,388.0,38.0,379.0
1179,Gun,Franek,30.5,14.5,2114.0,306.0,61.0,460.0
1180,Gun,JP_II,25.5,13.5,1993.0,269.0,65.0,506.0
1181,Gun,Laki,22.0,9.9,2110.0,208.0,54.0,448.0
1182,Rifle,ef_cztery,20.0,10.1,2217.0,225.0,62.0,491.0
1183,Rifle,Piotr,79.1,22.5,1786.0,401.0,28.0,244.0
1184,Gun,Baran_to_człowiek,67.1,17.4,1392.0,242.0,12.0,161.0
1185,Rifle,Gruby,55.1,15.2,1994.0,303.0,23.0,238.0
1186,Gun,Mundora,54.2,12.5,1971.0,246.0,12.0,188.0
1187,Rifle,Młody,52.3,10.8,1488.0,160.0,10.0,123.0
1188,Rifle,Pudzian,51.9,12.0,1884.0,226.0,13.0,179.0
1189,Gun,Mati,50.7,20.0,1140.0,228.0,21.0,209.0
1190,Gun,Koliberek,38.7,13.2,1593.0,211.0,25.0,229.0
1191,Rifle,Teddy_Beary,35.5,13.2,1762.0,232.0,28.0,274.0
1192,Rifle,Kubomix,31.8,11.7,1347.0,157.0,24.0,202.0
1193,Gun,Rambo,29.7,9.9,1612.0,160.0,24.0,214.0
1194,Gun,Cheetos,26.7,12.0,1355.0,162.0,22.0,250.0
1195,Gun,Bartekkggwe,25.2,11.8,925.0,109.0,15.0,177.0
1196,Gun,Kasztanek,20.1,7.8,1367.0,106.0,18.0,202.0
1197,Gun,Sonic,13.9,3.1,1113.0,35.0,5.0,88.0
1198,Gun,Olga,92.7,19.8,1270.0,251.0,7.0,125.0
1199,Gun,Ala,83.7,15.1,1430.0,216.0,10.0,111.0
1200,Gun,Hania,56.3,4.6,1492.0,68.0,2.0,43.0
1201,Gun,Czarna,47.1,11.2,1526.0,171.0,13.0,147.0
1202,Rifle,Terminator,38.9,7.9,1696.0,134.0,10.0,132.0
1203,Gun,Ruda_wiedźma,37.9,12.9,1230.0,159.0,12.0,175.0
1204,Gun,Psia_czarownica,33.8,7.2,1414.0,102.0,10.0,114.0
1205,Gun,Marysia,27.9,3.1,1327.0,41.0,2.0,51.0
1206,Gun,Nati,21.1,5.1,1421.0,73.0,13.0,126.0
1207,Gun,Czterolistna_wiedźma,20.7,4.4,1618.0,72.0,13.0,125.0
1208,Gun,Katarynka,13.8,3.3,628.0,21.0,2.0,53.0
1209,Gun,Kocia_wiedźma,9.0,4.5,771.0,35.0,12.0,141.0
1210,Rifle,Kuba,92.1,18.8,3010.0,566.0,38.0,341.0
1211,Gun,Krzysiek,92.1,15.2,3756.0,570.0,18.0,298.0
1212,Rifle,Adam,75.2,16.5,2521.0,417.0,31.0,305.0
1213,Gun,Paulina,53.6,11.8,1472.0,173.0,19.0,174.0
1214,Rifle,Ola,51.5,11.6,2888.0,335.0,31.0,326.0
1215,Gun,Katina,42.9,21.7,1842.0,400.0,60.0,529.0
1216,Gun,Beata,28.9,13.7,2322.0,318.0,72.0,575.0
1217,Gun,Weronika,27.1,14.8,1544.0,228.0,49.0,429.0
1218,Gun,Agata,23.4,10.0,1823.0,183.0,50.0,402.0
1219,Gun,Jolis,4.6,1.9,3236.0,63.0,74.0,546.0
1220,Gun,Morderca555,73.9,12.1,2120.0,257.0,8.0,143.0
1221,Gun,Ala,57.4,10.7,2717.0,292.0,15.0,205.0
1222,Rifle,Dog,43.6,11.3,3079.0,348.0,34.0,325.0
1223,Gun,Karate_Kid218,36.3,11.2,2145.0,241.0,16.0,270.0
1224,Gun,Darynka,23.0,9.3,1707.0,158.0,31.0,270.0
1225,Gun,Klara,21.3,5.8,1945.0,112.0,18.0,195.0
1226,Gun,Melon,85.2,26.5,1289.0,341.0,16.0,203.0
1227,Rifle,Kamyk,84.1,17.5,2120.0,370.0,19.0,197.0
1228,Gun,Alan,65.4,14.1,1923.0,271.0,12.0,176.0
1229,Rifle,Przemo,56.9,12.4,1552.0,193.0,8.0,140.0
1230,Rifle,Snax,49.6,15.3,1403.0,214.0,15.0,187.0
1231,Rifle,Tom_Ghost,45.1,18.3,1582.0,289.0,38.0,291.0
1232,Gun,Domix7777,44.3,17.0,2026.0,345.0,38.0,347.0
1233,Gun,Adi,42.7,11.0,2131.0,234.0,21.0,222.0
1234,Gun,Ania,32.7,22.5,747.0,168.0,21.0,247.0
1235,Gun,Zuza_Bejter,31.3,15.0,768.0,115.0,7.0,158.0
1236,Rifle,Michał,28.3,20.8,684.0,142.0,24.0,236.0
1237,Gun,WikaOk,27.4,6.8,2149.0,146.0,15.0,201.0
1238,Gun,Teresa,27.0,9.0,1340.0,121.0,9.0,175.0
1239,Gun,Oliwia_Incognito,16.3,4.9,1321.0,65.0,9.0,145.0
1240,Gun,Zuzia,8.9,2.1,1511.0,31.0,8.0,120.0
1241,Gun,Dominik,60.0,12.3,2347.0,289.0,11.0,199.0
1242,Rifle,Kinga,41.2,10.2,1910.0,195.0,24.0,189.0
1243,Rifle,Michał,36.6,14.7,1531.0,225.0,27.0,264.0
1244,Gun,Żabka,29.5,9.9,1651.0,164.0,13.0,221.0
1245,Rifle,Łukasz,194.8,23.4,868.0,203.0,7.0,86.0
1246,Gun,Agata,42.1,9.3,699.0,65.0,18.0,144.0
1247,Gun,Marzena,27.7,6.8,599.0,41.0,17.0,133.0
1248,Gun,Monika,26.1,8.9,798.0,71.0,22.0,208.0
1249,Rifle,Aneta,22.1,6.0,654.0,39.0,19.0,167.0
1250,Gun,Marek,17.8,6.5,650.0,42.0,24.0,172.0
1251,Gun,Paulina,13.3,5.9,356.0,21.0,12.0,112.0
1252,Gun,Jola,64.9,12.3,724.0,89.0,6.0,80.0
1253,Rifle,Cyryl,61.0,16.6,860.0,143.0,12.0,127.0
1254,Gun,Klaudia,40.8,11.2,511.0,57.0,5.0,80.0
1255,Rifle,Alan,39.9,19.4,545.0,106.0,12.0,146.0
1256,Rifle,Jan,25.7,9.5,1142.0,109.0,18.0,191.0
1257,Rifle,Dawid,72.3,18.2,1768.0,321.0,30.0,273.0
1258,Gun,Dubi,62.6,13.0,2194.0,286.0,34.0,251.0
1259,Gun,Tomi,52.4,14.2,2083.0,295.0,36.0,288.0
1260,Gun,Maniek,48.5,9.6,2542.0,244.0,32.0,235.0
1261,Gun,Grzesiek,36.3,12.6,1733.0,219.0,44.0,299.0
1262,Gun,Dominik,33.8,9.1,2110.0,193.0,35.0,272.0
1263,Rifle,Mateus,31.4,14.6,1394.0,204.0,51.0,351.0
1264,Gun,Kuba,25.0,18.5,1165.0,215.0,71.0,470.0
1265,Rifle,Szymon,78.0,15.5,6810.0,1058.0,49.0,591.0
1266,Rifle,Krzysiek,59.8,11.1,8235.0,912.0,61.0,620.0
1267,Rifle,Jakun,58.5,12.4,6675.0,826.0,57.0,586.0
1268,Rifle,Kuba,57.0,11.6,6466.0,749.0,33.0,539.0
1269,Rifle,Antek,55.4,13.3,5561.0,740.0,47.0,563.0
1270,Rifle,Michał,51.3,12.3,4136.0,509.0,34.0,411.0
1271,Gun,Żołnierzyk,39.9,11.5,6482.0,746.0,75.0,766.0
1272,Rifle,Piter,30.0,8.1,5582.0,451.0,60.0,582.0
1273,Rifle,Franek,24.7,8.5,5229.0,444.0,84.0,699.0
1274,Gun,Alex,18.2,4.6,4994.0,229.0,39.0,458.0
1275,Gun,Natan,15.5,10.1,2682.0,270.0,80.0,697.0
1276,Gun,Wojtek,7.0,7.0,1367.0,96.0,52.0,518.0
1277,Gun,Franek,213.0,25.7,4891.0,1258.0,24.0,333.0
1278,Gun,Szałajko,102.5,15.8,5191.0,820.0,36.0,368.0
1279,Rifle,Maciuś,97.8,25.3,2489.0,629.0,36.0,352.0
1280,Gun,Ala,43.7,17.6,2642.0,465.0,78.0,617.0
1281,Rifle,Chania,33.2,23.7,1994.0,472.0,136.0,985.0
1282,Gun,Gosia,24.7,12.5,851.0,106.0,16.0,178.0
1283,Rifle,Milena,23.6,22.6,1745.0,394.0,116.0,902.0
1284,Gun,Dżaga,12.7,7.6,2947.0,223.0,97.0,779.0
1285,Rifle,Majli,3.3,4.8,1537.0,74.0,123.0,970.0
1286,Gun,Filip,140.1,31.5,934.0,294.0,5.0,113.0
1287,Rifle,Kubix,136.3,27.0,1714.0,462.0,10.0,173.0
1288,Rifle,AK,33.4,19.9,614.0,122.0,21.0,169.0
1289,Rifle,Marix_36,20.8,19.6,771.0,151.0,46.0,336.0
1290,Gun,Antek,10.5,6.8,1092.0,74.0,28.0,267.0
1291,Gun,Natalka,8.9,1.8,906.0,16.0,3.0,61.0
1292,Gun,Krysto,82.7,29.8,2453.0,731.0,62.0,569.0
1293,Rifle,Kamil,49.9,20.5,1748.0,359.0,40.0,637.0
1294,Gun,Przemek,48.0,16.6,2337.0,389.0,54.0,759.0
1295,Gun,Daria,44.9,13.7,2277.0,313.0,40.0,895.0
1296,Gun,Seba,41.5,12.5,2500.0,313.0,33.0,613.0
1297,Rifle,Dawid_Wo.,39.4,16.2,1985.0,321.0,40.0,359.0
1298,Rifle,Dawid_Wa.,35.8,13.3,3372.0,450.0,69.0,930.0
1299,Gun,Ala,17.2,11.3,1386.0,156.0,54.0,570.0
1300,Rifle,Misio,100.0,18.9,3274.0,618.0,33.0,337.0
1301,Gun,Piter,70.6,20.9,1791.0,375.0,27.0,262.0
1302,Gun,Czacha,47.2,10.0,4459.0,448.0,35.0,433.0
1303,Gun,Piegus,45.1,15.9,2587.0,412.0,48.0,466.0
1304,Gun,Leon,43.4,13.6,2346.0,318.0,31.0,340.0
1305,Gun,Tymon,43.4,9.4,4271.0,400.0,43.0,406.0
1306,Gun,Michał,36.2,10.9,4499.0,489.0,82.0,697.0
1307,Gun,Olek,32.2,7.2,3459.0,249.0,22.0,330.0
1308,Gun,Mateusz,22.2,7.5,3319.0,248.0,60.0,565.0
1309,Gun,Antek,14.8,8.1,2308.0,188.0,65.0,575.0
1310,Rifle,Fifo,61.2,18.0,1302.0,235.0,31.0,227.0
1311,Rifle,Hubi,57.1,14.2,1460.0,208.0,30.0,209.0
1312,Rifle,TS,52.2,17.7,1130.0,200.0,38.0,250.0
1313,Rifle,Wicio,51.4,15.1,1658.0,250.0,39.0,294.0
1314,Gun,Sajbobek,49.2,17.0,1485.0,252.0,48.0,318.0
1315,Gun,Antlas,45.8,19.4,1089.0,211.0,45.0,308.0
1316,Rifle,Krycha,40.5,12.8,1134.0,145.0,35.0,251.0
1317,Rifle,Bocian,32.2,7.2,1270.0,92.0,22.0,180.0
1318,Rifle,Oskar,32.1,10.5,1696.0,178.0,54.0,349.0
1319,Gun,Barkan,29.9,10.7,900.0,96.0,29.0,201.0
1320,Gun,BT,22.0,10.6,639.0,68.0,26.0,190.0
1321,Gun,Olga,8.4,1.7,1028.0,17.0,17.0,147.0
1322,Gun,Kuba_St.,181.5,22.5,2448.0,552.0,7.0,146.0
1323,Rifle,Kuba_So.,132.9,23.1,4564.0,1053.0,32.0,385.0
1324,Gun,Gabriel,127.5,14.3,5881.0,839.0,17.0,281.0
1325,Rifle,Oliwier,91.6,19.5,3541.0,692.0,33.0,349.0
1326,Gun,Filip,43.0,8.6,3291.0,284.0,19.0,257.0
1327,Gun,Adam,29.2,21.3,2157.0,459.0,89.0,746.0
1328,Gun,Tymek,19.7,6.2,5638.0,347.0,85.0,658.0
1329,Rifle,Piotrek,16.5,12.1,1936.0,234.0,75.0,585.0
1330,Gun,Franek,14.0,8.2,2228.0,182.0,47.0,505.0
1331,Gun,Michał,9.9,9.9,1376.0,136.0,57.0,549.0
1332,Gun,Ania,5.6,2.6,2310.0,60.0,40.0,377.0
1333,Rifle,Misiu,102.9,15.9,1589.0,253.0,11.0,107.0
1334,Rifle,Artur,91.8,17.0,1750.0,298.0,7.0,144.0
1335,Rifle,Marcin,72.9,14.4,1366.0,197.0,10.0,115.0
1336,Gun,Marlena,21.2,13.8,978.0,135.0,25.0,270.0
1337,Gun,Weonika,19.7,9.7,1219.0,118.0,25.0,238.0
1338,Gun,Mariola,19.5,12.4,908.0,113.0,19.0,240.0
1339,Rifle,Tomasz,84.9,25.6,2582.0,660.0,48.0,491.0
1340,Rifle,Igor,58.7,18.9,1702.0,322.0,26.0,251.0
1341,Rifle,Młody,48.5,15.8,2207.0,348.0,25.0,514.0
1342,Rifle,Arek,36.1,12.2,1985.0,242.0,29.0,277.0
1343,Rifle,Kubuś,27.6,15.7,1689.0,266.0,50.0,621.0
1344,Rifle,Kacper,26.1,13.0,2338.0,305.0,52.0,489.0
1345,Gun,Żaba,107.0,24.2,1312.0,318.0,9.0,146.0
1346,Rifle,Nicola,92.4,17.3,1786.0,309.0,15.0,149.0
1347,Rifle,Harnaś,84.2,20.2,2571.0,520.0,21.0,288.0
1348,Rifle,Adam,65.5,12.8,2666.0,341.0,17.0,217.0
1349,Rifle,Dawid,62.1,19.1,1930.0,368.0,23.0,272.0
1350,Rifle,Młody,55.2,16.0,1784.0,286.0,18.0,227.0
1351,Gun,Kapsel,46.4,17.7,1603.0,283.0,30.0,274.0
1352,Rifle,Gaba,45.2,13.1,2655.0,348.0,37.0,323.0
1353,Rifle,Rysiami,42.1,11.7,2672.0,313.0,37.0,305.0
1354,Rifle,Michał,37.7,12.4,1998.0,248.0,25.0,273.0
1355,Gun,P._Patrycja,36.6,19.0,1155.0,219.0,28.0,274.0
1356,Gun,Nina,36.2,11.3,1095.0,124.0,15.0,139.0
1357,Gun,Maja_A.,29.3,15.6,1032.0,161.0,23.0,239.0
1358,Rifle,Szatan,28.8,15.5,839.0,130.0,17.0,196.0
1359,Rifle,Cezary,26.8,10.3,1792.0,184.0,23.0,275.0
1360,Gun,Marcelina,26.1,8.1,1606.0,130.0,13.0,192.0
1361,Gun,Kornelia,14.8,7.4,1112.0,82.0,15.0,211.0
1362,Gun,Lena,11.0,2.8,1691.0,48.0,11.0,152.0
1363,Gun,The_crappy_spy_main,8.5,4.5,573.0,26.0,2.0,110.0
1364,Gun,Maja_K.,3.4,2.7,703.0,19.0,14.0,195.0
1365,Rifle,Sloviam,64.5,17.2,4495.0,775.0,74.0,609.0
1366,Rifle,Maka_Paka,59.2,16.4,4285.0,703.0,70.0,597.0
1367,Gun,Szymusiu,50.6,21.5,2817.0,607.0,66.0,661.0
1368,Gun,Wojtyła,47.7,19.4,3246.0,631.0,81.0,725.0
1369,Rifle,Ugabuga,26.2,10.0,3749.0,375.0,78.0,632.0
1370,Rifle,Bambosz,20.5,11.5,2402.0,276.0,79.0,617.0
1371,Rifle,AK,107.6,40.3,1936.0,781.0,59.0,520.0
1372,Rifle,Adi,69.3,23.2,2996.0,694.0,66.0,578.0
1373,Rifle,Jacek,61.5,24.3,1883.0,457.0,55.0,451.0
1374,Rifle,Wojtek,55.5,22.5,2094.0,471.0,69.0,529.0
1375,Gun,Albert,39.8,14.7,2739.0,404.0,60.0,545.0
1376,Gun,Szymek,37.8,20.0,1844.0,369.0,64.0,544.0
1377,Gun,Mateusz,33.4,14.5,1825.0,264.0,33.0,405.0
1378,Gun,Damian,32.2,16.4,1697.0,279.0,38.0,431.0
1379,Gun,Marcin,29.8,18.4,1408.0,259.0,58.0,485.0
1380,Rifle,Piotrek,18.5,14.1,1471.0,207.0,72.0,609.0
1381,Gun,Misiek,99.1,29.3,2441.0,714.0,33.0,380.0
1382,Rifle,Przemek,66.0,32.9,2225.0,733.0,74.0,613.0
1383,Rifle,Wojciech,65.5,15.7,4966.0,781.0,55.0,521.0
1384,Rifle,Kurczak,53.3,16.3,3261.0,531.0,48.0,439.0
1385,Rifle,Tost,49.9,14.5,3658.0,531.0,39.0,457.0
1386,Gun,Dyzio,43.1,15.2,3791.0,577.0,61.0,581.0
1387,Gun,Aleksander,34.8,16.8,2683.0,452.0,70.0,577.0
1388,Rifle,Maksio,32.0,12.1,3527.0,426.0,61.0,551.0
1389,Rifle,Szczulix,25.5,17.9,1971.0,352.0,85.0,623.0
1390,Gun,Grosik,16.3,11.5,2043.0,234.0,65.0,589.0
1391,Gun,Bartosz,138.5,30.1,3380.0,1019.0,35.0,392.0
1392,Rifle,Adam,85.6,21.7,3021.0,657.0,27.0,366.0
1393,Rifle,Paweł,75.6,15.5,3412.0,528.0,26.0,304.0
1394,Gun,Patryk,70.5,14.3,4776.0,684.0,39.0,415.0
1395,Gun,Kacper,69.1,17.0,3851.0,653.0,44.0,421.0
1396,Gun,Maja,35.0,19.6,2172.0,425.0,52.0,563.0
1397,Rifle,Szymon_K.,34.0,7.5,3608.0,272.0,25.0,306.0
1398,Gun,Kamil,33.8,8.7,3847.0,333.0,38.0,385.0
1399,Gun,Szymon_M.,32.5,9.0,2950.0,266.0,20.0,321.0
1400,Gun,Weronika,26.8,6.7,2612.0,174.0,19.0,244.0
1401,Gun,Amelia,24.7,13.0,2972.0,385.0,70.0,654.0
1402,Gun,Aleksandra,24.6,8.9,4077.0,364.0,65.0,579.0
1403,Gun,Dagmara,17.8,6.3,2942.0,184.0,33.0,386.0
1404,Gun,Ala,11.2,9.8,1496.0,147.0,53.0,522.0
1405,Gun,Martyna,10.3,2.8,3425.0,97.0,22.0,330.0
1406,Gun,Dominik,59.5,20.9,1467.0,307.0,22.0,243.0
1407,Gun,Artur,57.8,18.0,1938.0,348.0,29.0,272.0
1408,Gun,Daria,55.7,16.4,1961.0,322.0,27.0,255.0
1409,Rifle,Vlad,55.2,15.8,1877.0,297.0,21.0,235.0
1410,Rifle,Filip,55.0,16.0,1660.0,265.0,17.0,211.0
1411,Gun,Aga,49.3,13.9,1694.0,236.0,22.0,203.0
1412,Rifle,Karol,38.2,15.3,1088.0,166.0,18.0,188.0
1413,Gun,Boż,35.0,10.0,1696.0,169.0,19.0,192.0
1414,Gun,Marta,33.4,15.3,1415.0,217.0,34.0,282.0
1415,Gun,Marcin,32.6,12.4,1377.0,171.0,21.0,217.0
1416,Gun,Seba,25.1,7.7,1957.0,150.0,25.0,229.0
1417,Gun,Wojtek,21.7,8.3,1861.0,154.0,31.0,275.0
